Mach,Altitude,PowerCode,Thrust,RamDrag,FuelFlow,EINox,ThrustNet,TSFC,,,Mach,Altitude,PowerCode,,Thrust_Equation (lb),TSFC_Equation (lb/lb/hr)
0,0,50,115540,0,32629.9,0.28241,115540,0.282412152,,,0,0,50,,113284.3849,0.296896407
0,0,48,107837.3,0,29754.1,0.27592,107837.3,0.275916589,,,,,,,,
0,0,46,100134.7,0,27174.2,0.27138,100134.7,0.271376456,,,,,,,Thrust lapse,
0,0,42,84729.3,0,22430.2,0.26473,84729.3,0.264727786,,,,,,,1,
0,0,38,69324,0,18094.5,0.26101,69324,0.261013502,,,,,,,,
0,0,34,53918.7,0,13909.9,0.25798,53918.7,0.257979143,,,,,,,,
0,0,30,38513.3,0,9738,0.25285,38513.3,0.252847718,,,,,,,,
0,0,26,23108,0,5889.5,0.25487,23108,0.254868444,,,,,,,,
0,0,24,16175.6,0,4372.8,0.27033,16175.6,0.270333094,,,,,,,,
0,0,22,9243.2,0,2928.2,0.3168,9243.2,0.316795049,,,,,,,,
0,0,21,5777,0,2286.8,0.39584,5777,0.395845595,,,,,,,,
0.1,0,50,118890,13068.2,33366.4,0.31531,105821.8,0.315307432,,,,,,,,
0.1,0,48,111433.1,12666.1,30447.6,0.30828,98767,0.308277056,,,,,,,,
0.1,0,46,103944,12231.8,27932.2,0.30456,91712.2,0.304563624,,,,,,,,
0.1,0,42,88891.4,11288.7,23200.4,0.29896,77602.7,0.298963825,,,,,,,,
0.1,0,38,73747.8,10254.8,18852,0.29691,63493,0.296914621,,,,,,,,
0.1,0,34,58494.2,9110.7,14677.5,0.29722,49383.5,0.297214657,,,,,,,,
0.1,0,30,43082.2,7808.3,10500.4,0.29768,35273.9,0.297681855,,,,,,,,
0.1,0,26,27381.6,6217.2,6501.3,0.30718,21164.4,0.307180926,,,,,,,,
0.1,0,24,20146.6,5331.6,4899.7,0.33072,14815,0.330725616,,,,,,,,
0.1,0,22,12702.3,4236.5,3338.7,0.39438,8465.8,0.394375015,,,,,,,,
0.1,0,21,8824.8,3217.8,2287,0.48935,5607,0.407883003,,,,,,,,
0.2,0,50,122677.9,26570.1,33691.1,0.35056,96107.8,0.350555314,,,,,,,,
0.2,0,48,115508.8,25808.1,30888.2,0.34435,89700.7,0.344347369,,,,,,,,
0.2,0,46,108276.2,24982.8,28482.7,0.34196,83293.4,0.341956265,,,,,,,,
0.2,0,42,93686.8,23207.8,23783.1,0.33745,70479,0.337449453,,,,,,,,
0.2,0,38,78912.8,21248.1,19450.6,0.33731,57664.7,0.337305145,,,,,,,,
0.2,0,34,63931,19080.7,15276.1,0.3406,44850.3,0.340601958,,,,,,,,
0.2,0,30,48652.6,16616.7,11143.2,0.34783,32035.9,0.347834773,,,,,,,,
0.2,0,26,32854.1,13632.5,7056.7,0.36713,19221.6,0.367123444,,,,,,,,
0.2,0,24,25443.1,11988,5309.2,0.39459,13455.1,0.394586439,,,,,,,,
0.2,0,22,17679.6,9991,3638.8,0.47327,7688.6,0.473272117,,,,,,,,
0.2,0,21,13555.5,7778.8,2276.9,0.59013,5776.7,0.394152371,,,,,,,,
0.25,0,50,125631.7,33631.4,33951.3,0.36904,92000.3,0.369034666,,,,,,,,
0.25,0,48,118570.7,32703.7,31188.4,0.36322,85867,0.363217534,,,,,,,,
0.25,0,46,111432.7,31699.1,28800.7,0.36121,79733.6,0.361211585,,,,,,,,
0.25,0,42,97016.2,29549.3,24112.7,0.3574,67466.9,0.357400444,,,,,,,,
0.25,0,38,82362,27161.8,19786.2,0.35844,55200.2,0.358444353,,,,,,,,
0.25,0,34,67461.4,24527.9,15572.5,0.36271,42933.5,0.362712101,,,,,,,,
0.25,0,30,52210.1,21543.3,11356.9,0.37033,30666.8,0.370332086,,,,,,,,
0.25,0,26,36342.7,17942.6,7207.1,0.39169,18400.1,0.391688089,,,,,,,,
0.25,0,24,28843.7,15963.7,5452.6,0.42334,12880,0.423338509,,,,,,,,
0.25,0,22,20944.7,13584.6,3828.1,0.52011,7360.1,0.520115216,,,,,,,,
0.25,0,21,16742.2,10734.8,2274.4,0.65294,6007.4,0.378599727,,,,,,,,
0.3,0,50,129212.3,40962.8,34230.1,0.38788,88249.5,0.387878685,,,,,,,,
0.3,0,48,122241.8,39875.6,31519.9,0.38268,82366.2,0.382680031,,,,,,,,
0.3,0,46,115185.1,38702.2,29141.6,0.38102,76482.9,0.381021117,,,,,,,,
0.3,0,42,100922.9,36206.6,24471.4,0.37813,64716.3,0.378133484,,,,,,,,
0.3,0,38,86367.5,33417.8,20119.1,0.37997,52949.7,0.37996627,,,,,,,,
0.3,0,34,71540.4,30357.3,15796.6,0.38357,41183.1,0.38356996,,,,,,,,
0.3,0,30,56303,26886.5,11521.7,0.39168,29416.5,0.39167474,,,,,,,,
0.3,0,26,40366.6,22716.7,7386.5,0.4185,17649.9,0.418500955,,,,,,,,
0.3,0,24,32787.5,20432.6,5662.1,0.45828,12354.9,0.458287805,,,,,,,,
0.3,0,22,24786.8,17726.8,4024.7,0.57007,7060,0.570070822,,,,,,,,
0.3,0,21,20536.1,14215.2,2275,0.72205,6320.9,0.3599171,,,,,,,,
0.35,0,50,133532.2,48630.6,34574.1,0.40723,84901.6,0.407225541,,,,,,,,
0.35,0,48,126631.1,47389.6,31913.9,0.40274,79241.5,0.40274225,,,,,,,,
0.35,0,46,119637.7,46056.3,29539.6,0.40145,73581.4,0.401454715,,,,,,,,
0.35,0,42,105501.2,43240,24843.1,0.39901,62261.2,0.399014153,,,,,,,,
0.35,0,38,91055.3,40114.3,20300.8,0.39852,50941,0.39851593,,,,,,,,
0.35,0,34,76250.6,36629.8,16009.9,0.40408,39620.8,0.404078161,,,,,,,,
0.35,0,30,61000.4,32699.9,11713,0.41388,28300.5,0.413879613,,,,,,,,
0.35,0,26,44983.3,28003,7627.6,0.4492,16980.3,0.4492029,,,,,,,,
0.35,0,24,37341,25454.7,5877.7,0.4945,11886.3,0.494493661,,,,,,,,
0.35,0,22,29268.3,22476.2,4241.7,0.62451,6792.1,0.62450494,,,,,,,,
0.35,0,21,24983.8,18265.2,2274.8,0.79874,6718.6,0.338582443,,,,,,,,
0,2000,50,110562.2,0,31494.3,0.28486,110562.2,0.284855945,,,,,,,,
0,2000,48,103191.4,0,28347.2,0.27471,103191.4,0.274705063,,,,,,,,
0,2000,46,95820.6,0,25951.3,0.27083,95820.6,0.270832159,,,,,,,,
0,2000,42,81079,0,21390.5,0.26382,81079,0.263822938,,,,,,,,
0,2000,38,66337.3,0,17255,0.26011,66337.3,0.260110074,,,,,,,,
0,2000,34,51595.7,0,13256.2,0.25692,51595.7,0.256924511,,,,,,,,
0,2000,30,36854.1,0,9282.3,0.25187,36854.1,0.251866142,,,,,,,,
0,2000,26,22112.4,0,5593.9,0.25297,22112.4,0.252975706,,,,,,,,
0,2000,24,15478.7,0,4148.5,0.26802,15478.7,0.268013464,,,,,,,,
0,2000,22,8845,0,2767.5,0.31289,8845,0.312888638,,,,,,,,
0,2000,21,5528.1,0,2153.7,0.38958,5528.1,0.389591361,,,,,,,,
0.1,2000,50,112619.3,12255.1,31751.5,0.31636,100364.2,0.316362807,,,,,,,,
0.1,2000,48,105565.1,11891.8,28683,0.3062,93673.3,0.306202514,,,,,,,,
0.1,2000,46,98465.8,11483.4,26342.9,0.30285,86982.4,0.302853221,,,,,,,,
0.1,2000,42,84198.5,10598.1,21889.7,0.29741,73600.4,0.297412786,,,,,,,,
0.1,2000,38,69844,9625.5,17789.7,0.29542,60218.5,0.295419182,,,,,,,,
0.1,2000,34,55386.8,8550.2,13840.4,0.2955,46836.6,0.295503943,,,,,,,,
0.1,2000,30,40781,7326.3,9908.7,0.29618,33454.7,0.296182599,,,,,,,,
0.1,2000,26,25904.3,5831.4,6127.7,0.30527,20072.9,0.305272283,,,,,,,,
0.1,2000,24,19050.5,4999.5,4607.7,0.32793,14051,0.327926838,,,,,,,,
0.1,2000,22,12000,3970.9,3135.6,0.39053,8029.1,0.390529449,,,,,,,,
0.1,2000,21,8328.4,2972.4,2108.7,0.48436,5356,0.393707991,,,,,,,,
0.2,2000,50,116132.8,24907.4,32073.6,0.35159,91225.4,0.351586291,,,,,,,,
0.2,2000,48,109363.2,24219.5,29140.9,0.34226,85143.7,0.342255505,,,,,,,,
0.2,2000,46,102511,23449,26819.9,0.33923,79062,0.339226177,,,,,,,,
0.2,2000,42,88678.8,21780.1,22441.7,0.33546,66898.7,0.335457939,,,,,,,,
0.2,2000,38,74671.5,19936.2,18349,0.33523,54735.3,0.33523156,,,,,,,,
0.2,2000,34,60469.4,17897.5,14401.9,0.3383,42571.9,0.338295918,,,,,,,,
0.2,2000,30,45988.4,15580,10502.4,0.34538,30408.4,0.345378251,,,,,,,,
0.2,2000,26,31018.9,12773.8,6655.3,0.36477,18245.1,0.364771911,,,,,,,,
0.2,2000,24,23999.6,11228.1,4991.7,0.39085,12771.5,0.390846807,,,,,,,,
0.2,2000,22,16646.9,9348.9,3417.4,0.46826,7298,0.468265278,,,,,,,,
0.2,2000,21,12742.6,7236.9,2111.7,0.5827,5505.7,0.383547959,,,,,,,,
0.25,2000,50,118906.5,31524.3,32325.6,0.36993,87382.2,0.369933465,,,,,,,,
0.25,2000,48,112241.2,30684.4,29460.8,0.36123,81556.8,0.361230455,,,,,,,,
0.25,2000,46,105478.6,29747.3,27148,0.35848,75731.3,0.358477934,,,,,,,,
0.25,2000,42,91808.8,27728.4,22760.7,0.35519,64080.4,0.35518973,,,,,,,,
0.25,2000,38,77910.8,25481.4,18667.3,0.35605,52429.4,0.356046417,,,,,,,,
0.25,2000,34,63780.3,23001.9,14688.8,0.36021,40778.4,0.360210307,,,,,,,,
0.25,2000,30,49319.9,20192.4,10715.3,0.36788,29127.5,0.367875719,,,,,,,,
0.25,2000,26,34282.2,16805.8,6795.4,0.38883,17476.4,0.38883294,,,,,,,,
0.25,2000,24,27177.6,14944.1,5125.8,0.419,12233.5,0.418997016,,,,,,,,
0.25,2000,22,19693.8,12703.2,3593.8,0.51409,6990.6,0.51409035,,,,,,,,
0.25,2000,21,15712.3,9975.5,2103.9,0.64409,5736.8,0.366737554,,,,,,,,
0.3,2000,50,122364.8,38407.5,32634.4,0.3887,83957.3,0.388702352,,,,,,,,
0.3,2000,48,115784.6,37424.5,29815.8,0.3805,78360.1,0.380497217,,,,,,,,
0.3,2000,46,109086.6,36323.6,27543.7,0.37854,72763,0.378539917,,,,,,,,
0.3,2000,42,95555.5,33986.8,23111.5,0.37538,61568.7,0.375377424,,,,,,,,
0.3,2000,38,81731.8,31357.4,19004.5,0.37727,50374.4,0.377265039,,,,,,,,
0.3,2000,34,67651.3,28471.3,14929.3,0.38104,39180,0.3810439,,,,,,,,
0.3,2000,30,53188.2,25202.4,10879.4,0.38875,27985.8,0.38874715,,,,,,,,
0.3,2000,26,38067,21275.6,6966.9,0.41491,16791.4,0.414908822,,,,,,,,
0.3,2000,24,30877.4,19123.4,5325.2,0.45305,11754,0.453054279,,,,,,,,
0.3,2000,22,23286.5,16569.9,3779.7,0.56274,6716.6,0.562740077,,,,,,,,
0.3,2000,21,19253.1,13209,2102.4,0.71122,6044.1,0.347843351,,,,,,,,
0.35,2000,50,126401.8,45589.4,32954.1,0.40778,80812.4,0.407785191,,,,,,,,
0.35,2000,48,119892.2,44467.3,30193.1,0.40031,75424.9,0.400306795,,,,,,,,
0.35,2000,46,113249.9,43212.5,27942.7,0.39897,70037.4,0.398968266,,,,,,,,
0.35,2000,38,86115.7,37628.3,19196.1,0.3959,48487.4,0.395898728,,,,,,,,
0.35,2000,34,72056.7,34344.2,15128.4,0.40115,37712.5,0.401150812,,,,,,,,
0.35,2000,30,57577.3,30639.8,11058.7,0.41053,26937.5,0.410531787,,,,,,,,
0.35,2000,26,42374.1,26211.7,7192.5,0.44501,16162.4,0.445014354,,,,,,,,
0.35,2000,24,35124.3,23810.6,5527.1,0.48853,11313.7,0.488531603,,,,,,,,
0.35,2000,22,27460.6,20995.6,3980.7,0.61574,6465,0.615730858,,,,,,,,
0.35,2000,21,23393.2,16960.7,2101.2,0.78627,6432.5,0.326653712,,,,,,,,
0.4,2000,50,116992.7,50271.8,27839.1,0.41725,66720.9,0.41724707,,,,,,,,
0.4,2000,48,111310.6,49037.9,25890.9,0.41577,62272.7,0.415766459,,,,,,,,
0.4,2000,46,105587.1,47762.4,23953.6,0.41425,57824.7,0.414245124,,,,,,,,
0.4,2000,42,93962.6,45034,20289.2,0.41467,48928.6,0.414669539,,,,,,,,
0.4,2000,38,82028.8,41996.4,16760.3,0.41867,40032.4,0.418668379,,,,,,,,
0.4,2000,34,69796.6,38660.2,13290.6,0.42685,31136.4,0.426850888,,,,,,,,
0.4,2000,30,57137.3,34897.1,9873.9,0.44397,22240.2,0.443966331,,,,,,,,
0.4,2000,26,43793.5,30449.3,6607.6,0.49517,13344.2,0.495166439,,,,,,,,
0.4,2000,24,37426.4,28085.5,5234.1,0.56034,9340.9,0.560342151,,,,,,,,
0.4,2000,22,30706.6,25368.9,3889.6,0.7287,5337.7,0.728703374,,,,,,,,
0.4,2000,21,27155.5,21126,2074.2,0.95719,6029.5,0.344008624,,,,,,,,
0,5000,50,101612.4,0,29089.6,0.28628,101612.4,0.286280021,,,,,,,,
0,5000,48,94838.2,0,26064.1,0.27483,94838.2,0.274827021,,,,,,,,
0,5000,46,88064.1,0,23710.7,0.26924,88064.1,0.269243653,,,,,,,,
0,5000,42,74515.8,0,19530.8,0.2621,74515.8,0.262102802,,,,,,,,
0,5000,38,60967.4,0,15744.9,0.25825,60967.4,0.258251131,,,,,,,,
0,5000,34,47419.1,0,12096.7,0.2551,47419.1,0.255101847,,,,,,,,
0,5000,30,33870.8,0,8479.3,0.25034,33870.8,0.250342478,,,,,,,,
0,5000,26,20322.5,0,5098.9,0.2509,20322.5,0.25089925,,,,,,,,
0,5000,24,14225.7,0,3777.4,0.26553,14225.7,0.265533506,,,,,,,,
0,5000,22,8129,0,2514.9,0.30937,8129,0.309373847,,,,,,,,
0,5000,21,5080.6,0,1952.5,0.3843,5080.6,0.384305003,,,,,,,,
0.1,5000,50,103476.1,11105.1,29315.1,0.31736,92371,0.317362592,,,,,,,,
0.1,5000,48,96995,10782.1,26385.3,0.30605,86212.9,0.306048167,,,,,,,,
0.1,5000,46,90473.7,10418.9,24078.6,0.30078,80054.8,0.300776468,,,,,,,,
0.1,5000,42,77356.5,9617.7,19993.1,0.29515,67738.8,0.295149899,,,,,,,,
0.1,5000,38,64156.8,8734.2,16220.2,0.29266,55422.6,0.292664003,,,,,,,,
0.1,5000,34,50861.7,7755.3,12631.3,0.29303,43106.4,0.293026094,,,,,,,,
0.1,5000,30,37433.6,6643.2,9045,0.29376,30790.4,0.293760393,,,,,,,,
0.1,5000,26,23759.5,5285.4,5590.4,0.30261,18474.1,0.302607434,,,,,,,,
0.1,5000,24,17461.8,4529.8,4188.7,0.32391,12932,0.323901949,,,,,,,,
0.1,5000,22,10985.3,3595.7,2847.6,0.38535,7389.6,0.385352387,,,,,,,,
0.1,5000,21,7613.6,2660.4,1889.8,0.47789,4953.2,0.381531131,,,,,,,,
0.2,5000,50,106677.8,22567.5,29626.7,0.35224,84110.3,0.35223629,,,,,,,,
0.2,5000,48,100464.4,21961.4,26768.1,0.34098,78503,0.340981873,,,,,,,,
0.2,5000,46,94168.3,21272.7,24529.3,0.3365,72895.6,0.336499048,,,,,,,,
0.2,5000,42,81443,19762.1,20512.1,0.33255,61680.9,0.332551892,,,,,,,,
0.2,5000,38,68550.7,18084.5,16750.4,0.33191,50466.2,0.331913241,,,,,,,,
0.2,5000,34,55478.3,16226.8,13150.1,0.33502,39251.5,0.335021592,,,,,,,,
0.2,5000,30,42154.9,14118.1,9582.2,0.34177,28036.8,0.341772242,,,,,,,,
0.2,5000,26,28386.8,11564.8,6079.6,0.36141,16822,0.36140768,,,,,,,,
0.2,5000,24,21934.7,10159.2,4540.8,0.38562,11775.5,0.385614199,,,,,,,,
0.2,5000,22,15176.4,8447.6,3104.1,0.46131,6728.8,0.461315539,,,,,,,,
0.2,5000,21,11590.2,6433.7,1858,0.57279,5156.5,0.360321924,,,,,,,,
0.25,5000,50,109201.5,28557.6,29889.5,0.37064,80643.9,0.370635597,,,,,,,,
0.25,5000,48,103093.2,27825.5,27036.1,0.3592,75267.7,0.359199232,,,,,,,,
0.25,5000,46,96876.5,26985.1,24827.9,0.35524,69891.4,0.355235408,,,,,,,,
0.25,5000,42,84294.9,25156,20814.7,0.35196,59138.9,0.351962921,,,,,,,,
0.25,5000,38,71496.7,23110.4,17050,0.35237,48386.3,0.352372469,,,,,,,,
0.25,5000,34,58483.2,20849.4,13416.8,0.35651,37633.8,0.356509308,,,,,,,,
0.25,5000,30,45170.8,18289.5,9792,0.36427,26881.3,0.364268097,,,,,,,,
0.25,5000,26,31336,15207.2,6205.1,0.38472,16128.8,0.38472174,,,,,,,,
0.25,5000,24,24802.5,13512.4,4661.9,0.41292,11290.1,0.412919283,,,,,,,,
0.25,5000,22,17919.8,11468.3,3262.5,0.5057,6451.5,0.50569635,,,,,,,,
0.25,5000,21,14258.2,8830.7,1829.1,0.63241,5427.5,0.337005988,,,,,,,,
0.3,5000,50,112359.8,34787,30219.9,0.38957,77572.8,0.389568251,,,,,,,,
0.3,5000,48,106336.4,33935.1,27380.1,0.37817,72401.3,0.378171386,,,,,,,,
0.3,5000,46,100182.3,32952.6,25179.1,0.37452,67229.7,0.374523462,,,,,,,,
0.3,5000,42,87706.6,30819.9,21159.6,0.37196,56886.7,0.371960406,,,,,,,,
0.3,5000,38,74979.2,28435.5,17371.3,0.37323,46543.7,0.373225592,,,,,,,,
0.3,5000,34,62000.1,25799.4,13658.6,0.3773,36200.7,0.377302096,,,,,,,,
0.3,5000,30,48677.6,22820,9944.4,0.38458,25857.6,0.384583256,,,,,,,,
0.3,5000,26,34757.3,19242.8,6358.9,0.40987,15514.5,0.409868188,,,,,,,,
0.3,5000,24,28140.4,17280.2,4843.1,0.44595,10860.2,0.44594943,,,,,,,,
0.3,5000,22,21153,14947.2,3430.2,0.55273,6205.8,0.552740984,,,,,,,,
0.3,5000,21,17439.2,11751.2,1843.2,0.69718,5688,0.324050633,,,,,,,,
0.35,5000,50,116166.4,41304.1,30620.5,0.40902,74862.3,0.409024302,,,,,,,,
0.35,5000,48,110208.1,40336.6,27805.8,0.39796,69871.5,0.397956248,,,,,,,,
0.35,5000,46,104103,39222.2,25583.7,0.39432,64880.8,0.394318504,,,,,,,,
0.35,5000,42,91698.6,36799.6,21537.4,0.39231,54899,0.392309514,,,,,,,,
0.35,5000,38,79048.9,34131.5,17601.9,0.39187,44917.4,0.391872637,,,,,,,,
0.35,5000,34,66066.9,31131.1,13862.4,0.3968,34935.8,0.396796409,,,,,,,,
0.35,5000,30,52700.2,27746.1,10131.2,0.40599,24954.1,0.405993404,,,,,,,,
0.35,5000,26,38675.1,23702.7,6569.4,0.43877,14972.4,0.438767332,,,,,,,,
0.35,5000,24,31991.1,21510.4,5031.8,0.4801,10480.7,0.48010152,,,,,,,,
0.35,5000,22,24919.5,18930.5,3612.6,0.60321,5989,0.603205877,,,,,,,,
0.35,5000,21,21165,15147.9,1868,0.76913,6017.1,0.310448555,,,,,,,,
0.4,5000,50,108828.7,45893.6,26005.6,0.41321,62935.1,0.413212977,,,,,,,,
0.4,5000,48,103499.2,44759.8,24176.1,0.41158,58739.4,0.411582345,,,,,,,,
0.4,5000,46,98125.9,43582.1,22385.3,0.41041,54543.8,0.410409616,,,,,,,,
0.4,5000,42,87225.2,41072.8,18939.8,0.41037,46152.4,0.410375192,,,,,,,,
0.4,5000,38,76049.9,38288.9,15620.3,0.41366,37761,0.413662244,,,,,,,,
0.4,5000,34,64578.9,35209.2,12364.4,0.42099,29369.7,0.420991702,,,,,,,,
0.4,5000,30,52710.3,31731.9,9173.4,0.43728,20978.4,0.437278343,,,,,,,,
0.4,5000,26,40209.3,27622.3,6100.3,0.48465,12587,0.48465083,,,,,,,,
0.4,5000,24,34243.6,25432.7,4808.4,0.54573,8810.9,0.545733126,,,,,,,,
0.4,5000,22,27942,22907.2,3553.7,0.70583,5034.8,0.705827441,,,,,,,,
0.4,5000,21,24608.8,18614.9,1746.5,0.92409,5993.9,0.291379569,,,,,,,,
0.45,5000,50,114169.5,52965.1,26457.4,0.43228,61204.4,0.432279379,,,,,,,,
0.45,5000,48,108853,51729,24565.5,0.43004,57124,0.430038163,,,,,,,,
0.45,5000,46,103476.9,50433.2,22767.1,0.42921,53043.7,0.429214025,,,,,,,,
0.45,5000,42,92560.9,47677.7,19282.9,0.42962,44883.2,0.429624002,,,,,,,,
0.45,5000,38,81389.1,44666.5,15900.7,0.43299,36722.6,0.43299494,,,,,,,,
0.45,5000,34,69831,41269,12661.2,0.44329,28562,0.443288285,,,,,,,,
0.45,5000,30,57859.2,37457.7,9449.4,0.46317,20401.5,0.463171826,,,,,,,,
0.45,5000,26,45225.7,32984.8,6378.6,0.52109,12240.9,0.521089136,,,,,,,,
0.45,5000,24,39214.4,30645.8,5047.2,0.58904,8568.6,0.589034381,,,,,,,,
0.45,5000,22,32866.9,27970.6,3780.1,0.77203,4896.3,0.772031942,,,,,,,,
0.45,5000,21,29516.4,23126.6,1796,1.0207,6389.8,0.28107296,,,,,,,,
0.1,10000,50,89059,9329.4,25852.8,0.32426,79729.6,0.324255985,,,,,,,,
0.1,10000,48,83484.2,9069.8,23072,0.31005,74414.4,0.310047518,,,,,,,,
0.1,10000,46,77880.3,8781.3,20712.6,0.29975,69099,0.299752529,,,,,,,,
0.1,10000,42,66578.9,8110.5,17149.3,0.29331,58468.4,0.293308864,,,,,,,,
0.1,10000,38,55202.7,7364.9,13875.5,0.29005,47837.8,0.290053054,,,,,,,,
0.1,10000,34,43744,6536.8,10812.6,0.2906,37207.2,0.290605044,,,,,,,,
0.1,10000,30,32173.7,5597.2,7741.6,0.2913,26576.5,0.291294941,,,,,,,,
0.1,10000,26,20395.9,4450,4786.4,0.30016,15945.9,0.300164933,,,,,,,,
0.1,10000,24,14974.2,3812.1,3573.2,0.32011,11162.1,0.320118974,,,,,,,,
0.1,10000,22,9400.7,3022.3,2420.2,0.37944,6378.4,0.379436849,,,,,,,,
0.1,10000,21,6501.3,2195.4,1580.6,0.47163,4305.9,0.367077731,,,,,,,,
0.2,10000,50,91749.3,18953.1,26127.2,0.35891,72796.2,0.358908844,,,,,,,,
0.2,10000,48,86406.7,18463.7,23459.3,0.34528,67943,0.345279131,,,,,,,,
0.2,10000,46,81014.7,17924.7,21109.3,0.33459,63090,0.334590268,,,,,,,,
0.2,10000,42,70043.3,16659.4,17604,0.32976,53383.9,0.329762344,,,,,,,,
0.2,10000,38,58917.6,15239.9,14354.7,0.32865,43677.7,0.328650547,,,,,,,,
0.2,10000,34,47640.5,13669,11239.6,0.33085,33971.5,0.330853804,,,,,,,,
0.2,10000,30,36147,11881.6,8199.4,0.33791,24265.4,0.337905001,,,,,,,,
0.2,10000,26,24278.6,9719.4,5209.6,0.35782,14559.2,0.357821858,,,,,,,,
0.2,10000,24,18721.3,8529.9,3877.2,0.38044,10191.4,0.380438409,,,,,,,,
0.2,10000,22,12901.4,7077.7,2644.1,0.45403,5823.7,0.454024074,,,,,,,,
0.2,10000,21,9814.2,5317.7,1556.8,0.56367,4496.5,0.346224842,,,,,,,,
0.25,10000,50,93871.7,23979.6,26348.7,0.37699,69892.1,0.376991105,,,,,,,,
0.25,10000,48,88617.7,23385.2,23722.9,0.36367,65232.5,0.363666884,,,,,,,,
0.25,10000,46,83307.1,22733.9,21368.6,0.35277,60573.2,0.352773174,,,,,,,,
0.25,10000,42,72449.4,21195.2,17876.8,0.34879,51254.2,0.348787026,,,,,,,,
0.25,10000,38,61404.1,19468.9,14614.1,0.34849,41935.2,0.348492436,,,,,,,,
0.25,10000,34,50168.9,17552.6,11487.3,0.35219,32616.3,0.352195068,,,,,,,,
0.25,10000,30,38677.9,15380.6,8394.1,0.3603,23297.3,0.360303554,,,,,,,,
0.25,10000,26,26748.2,12769.8,5306.2,0.3796,13978.4,0.379599954,,,,,,,,
0.25,10000,24,21116.7,11331.8,3982.4,0.407,9784.9,0.406994451,,,,,,,,
0.25,10000,22,15185.2,9593.9,2782.2,0.4976,5591.3,0.497594477,,,,,,,,
0.25,10000,21,12030.3,7337.4,1548,0.62121,4692.9,0.329860001,,,,,,,,
0.3,10000,50,96508.9,29199.7,26633.8,0.39569,67309.2,0.395693308,,,,,,,,
0.3,10000,48,91330.7,28508.8,24027,0.38246,62821.9,0.382462167,,,,,,,,
0.3,10000,46,86086.9,27752.3,21671.3,0.3715,58334.6,0.371499933,,,,,,,,
0.3,10000,42,75310.9,25950.9,18184.5,0.36841,49360,0.368405592,,,,,,,,
0.3,10000,38,64329.7,23944.2,14889.4,0.36868,40385.5,0.368681829,,,,,,,,
0.3,10000,34,53115.8,21704.9,11709.6,0.37279,31410.9,0.37278779,,,,,,,,
0.3,10000,30,41612.1,19175.7,8530,0.38018,22436.4,0.38018577,,,,,,,,
0.3,10000,26,29603.1,16141.3,5441.3,0.4042,13461.8,0.404203004,,,,,,,,
0.3,10000,24,23897.8,14474.5,4132,0.43849,9423.3,0.438487579,,,,,,,,
0.3,10000,22,17871.1,12486.3,2923.4,0.54291,5384.8,0.542898529,,,,,,,,
0.3,10000,21,14666.5,9651.4,1533,0.68538,5015.1,0.305676856,,,,,,,,
0.35,10000,50,99703.6,34658.8,26983,0.41484,65044.8,0.414837158,,,,,,,,
0.35,10000,48,94586.3,33877.9,24386.9,0.4017,60708.4,0.40170553,,,,,,,,
0.35,10000,46,89390.6,33018.5,22048.6,0.39113,56372.1,0.391126107,,,,,,,,
0.35,10000,42,78671.6,30972.1,18526.5,0.3884,47699.5,0.388400298,,,,,,,,
0.35,10000,38,67750.9,28724.1,15113.4,0.38726,39026.8,0.387256962,,,,,,,,
0.35,10000,34,56531.9,26177.7,11878.9,0.39134,30354.2,0.391342878,,,,,,,,
0.35,10000,30,44979.3,23297.8,8697.2,0.40113,21681.5,0.401134608,,,,,,,,
0.35,10000,26,32871.3,19862.4,5618.9,0.43193,13008.9,0.431927373,,,,,,,,
0.35,10000,24,27104,17997.8,4290.5,0.47116,9106.2,0.471162505,,,,,,,,
0.35,10000,22,20996.5,15792.9,3077.5,0.59142,5203.6,0.59141748,,,,,,,,
0.35,10000,21,17753.1,12354.2,1511.6,0.75416,5398.9,0.279982959,,,,,,,,
0.4,10000,50,95479.4,39007.1,23411,0.41456,56472.3,0.414557225,,,,,,,,
0.4,10000,48,90792.4,38084.8,21536.8,0.40861,52707.6,0.408609005,,,,,,,,
0.4,10000,46,86018.5,37075.8,19911.1,0.40683,48942.7,0.406824715,,,,,,,,
0.4,10000,42,76336.1,34923.1,16779.1,0.40517,41413,0.405165045,,,,,,,,
0.4,10000,38,66424.3,32540.9,13803.2,0.40737,33883.4,0.407373522,,,,,,,,
0.4,10000,34,56225.9,29872.1,10909.6,0.41397,26353.8,0.413966866,,,,,,,,
0.4,10000,30,45682,26857.9,8073,0.42887,18824.1,0.428865125,,,,,,,,
0.4,10000,26,34585.2,23290.7,5340.4,0.47283,11294.5,0.472831909,,,,,,,,
0.4,10000,24,29291.5,21385.3,4174.9,0.52806,7906.2,0.528053932,,,,,,,,
0.4,10000,22,23691.9,19174.1,3067.5,0.67898,4517.8,0.67898092,,,,,,,,
0.4,10000,21,20725.9,15351.9,1485.1,0.8868,5374,0.276349088,,,,,,,,
0.45,10000,50,100346.6,45083.2,23833.9,0.43128,55263.4,0.431278206,,,,,,,,
0.45,10000,48,95629.4,44050.2,22002.6,0.42658,51579.2,0.426578931,,,,,,,,
0.45,10000,46,90830.2,42935.2,20358.7,0.42507,47895,0.425069423,,,,,,,,
0.45,10000,42,81087.5,40561,17180.8,0.42394,40526.5,0.423939891,,,,,,,,
0.45,10000,38,71127.4,37969.3,14114.4,0.42567,33158.1,0.425669746,,,,,,,,
0.45,10000,34,60814.2,35024.6,11212,0.43475,25789.6,0.434748891,,,,,,,,
0.45,10000,30,50124,31702.9,8343.7,0.45294,18421.1,0.45294255,,,,,,,,
0.45,10000,26,38848.7,27796,5596.1,0.50631,11052.7,0.506310675,,,,,,,,
0.45,10000,24,33484.7,25747.8,4395.3,0.5681,7736.9,0.568095749,,,,,,,,
0.45,10000,22,27813.3,23392.3,3260.6,0.73751,4421,0.737525447,,,,,,,,
0.45,10000,21,24812,18766.1,1451,0.97349,6045.9,0.239997354,,,,,,,,
0.5,10000,50,105550.8,51478.9,24300.1,0.4494,54071.9,0.449403479,,,,,,,,
0.5,10000,48,100804.1,50336.9,22487.4,0.44558,50467.2,0.445584459,,,,,,,,
0.5,10000,46,95985.9,49123.5,20820.3,0.44429,46862.4,0.444285824,,,,,,,,
0.5,10000,42,86207.5,46554.7,17554,0.44269,39652.8,0.442692572,,,,,,,,
0.5,10000,38,76168,43724.8,14482.3,0.44639,32443.2,0.446389382,,,,,,,,
0.5,10000,34,65797.7,40564.1,11541.5,0.45739,25233.6,0.457386184,,,,,,,,
0.5,10000,30,54973.3,36949.3,8660.3,0.48048,18024,0.480487128,,,,,,,,
0.5,10000,26,43564.5,32750.1,5857.6,0.54164,10814.4,0.541648173,,,,,,,,
0.5,10000,24,38135.5,30565.4,4628.7,0.61145,7570.1,0.611445027,,,,,,,,
0.5,10000,22,32408.5,28082.7,3468.1,0.80174,4325.8,0.801724537,,,,,,,,
0.5,10000,21,29398.6,22758.9,1415.8,1.06764,6639.7,0.213232526,,,,,,,,
0.55,10000,50,111068.1,58244,24686.2,0.46733,52824.1,0.46732836,,,,,,,,
0.55,10000,48,106266.1,56963.5,22931.7,0.46512,49302.6,0.465121515,,,,,,,,
0.55,10000,46,101431.1,55650.1,21225.7,0.46364,45781,0.463635569,,,,,,,,
0.55,10000,42,91608.8,52871,17973.6,0.46398,38737.8,0.463980918,,,,,,,,
0.55,10000,38,81518.8,49824.3,14881.3,0.46952,31694.5,0.469523103,,,,,,,,
0.55,10000,34,71113.5,46462.2,11898.6,0.48268,24651.3,0.48267637,,,,,,,,
0.55,10000,30,60224.3,42616.3,8970.1,0.50943,17608,0.509433212,,,,,,,,
0.55,10000,26,48729.3,38164.5,6116.8,0.57898,10564.8,0.578979252,,,,,,,,
0.55,10000,24,43245.9,35850.5,4894,0.66176,7395.4,0.661762717,,,,,,,,
0.55,10000,22,37483.2,33257.3,3684.9,0.87197,4225.9,0.871979933,,,,,,,,
0.55,10000,21,34462.4,26895.7,1387.9,1.17449,7566.7,0.183422099,,,,,,,,
0.3,15000,50,81511.4,24235.6,22798.7,0.39805,57275.8,0.398051184,,,,,,,,
0.3,15000,48,77149.7,23692.3,20419,0.38197,53457.4,0.381967698,,,,,,,,
0.3,15000,46,72713.6,23074.6,18359.1,0.36985,49639,0.369852334,,,,,,,,
0.3,15000,42,63606.1,21603.9,15218.7,0.36233,42002.2,0.362331021,,,,,,,,
0.3,15000,38,54299.7,19934.3,12420.9,0.36144,34365.4,0.361436212,,,,,,,,
0.3,15000,34,44788.5,18059.8,9753.9,0.36492,26728.7,0.364922349,,,,,,,,
0.3,15000,30,35032.9,15941,7099.1,0.37184,19091.9,0.371838319,,,,,,,,
0.3,15000,26,24854,13398.8,4521.6,0.39473,11455.2,0.394720302,,,,,,,,
0.3,15000,24,20022.7,12004.1,3434.7,0.42834,8018.6,0.428341606,,,,,,,,
0.3,15000,22,14917.8,10335.7,2438.4,0.53217,4582.1,0.532157744,,,,,,,,
0.3,15000,21,12203,7990.9,1293.7,0.67194,4212.1,0.307138957,,,,,,,,
0.35,15000,50,84238.1,28774.4,23114.3,0.41675,55463.7,0.416746449,,,,,,,,
0.35,15000,48,79925.6,28159.5,20753.7,0.40091,51766.1,0.400912953,,,,,,,,
0.35,15000,46,75526.2,27457.7,18705.6,0.38914,48068.5,0.389144658,,,,,,,,
0.35,15000,42,66461.4,25788,15524.9,0.3817,40673.4,0.381696637,,,,,,,,
0.35,15000,38,57190.9,23912.7,12644.5,0.37996,33278.2,0.37996346,,,,,,,,
0.35,15000,34,47665.2,21782.1,9906.7,0.38275,25883.1,0.382747816,,,,,,,,
0.35,15000,30,37851.7,19363.8,7253.9,0.39236,18487.9,0.392359327,,,,,,,,
0.35,15000,26,27572.4,16479.7,4683,0.42217,11092.7,0.422169535,,,,,,,,
0.35,15000,24,22680.8,14915.8,3571.9,0.46,7765,0.46,,,,,,,,
0.35,15000,22,17498.9,13061.8,2567.6,0.57866,4437.1,0.578666246,,,,,,,,
0.35,15000,21,14746.3,10249.1,1288.3,0.73729,4497.2,0.286467135,,,,,,,,
0.4,15000,50,81540.1,32583.1,20336.1,0.41539,48957,0.415386972,,,,,,,,
0.4,15000,48,77555,31861.9,18494.4,0.40475,45693.1,0.404752578,,,,,,,,
0.4,15000,46,73458.3,31029,17018.3,0.4011,42429.3,0.401097826,,,,,,,,
0.4,15000,42,65123,29221.2,14288.1,0.39798,35901.8,0.39797726,,,,,,,,
0.4,15000,38,56597.1,27222.9,11714.6,0.3988,29374.2,0.398805755,,,,,,,,
0.4,15000,34,47808.6,24962,9245.9,0.4047,22846.6,0.40469479,,,,,,,,
0.4,15000,30,38727.7,22408.7,6821.3,0.418,16319,0.417997426,,,,,,,,
0.4,15000,26,29168.5,19377.1,4518.9,0.46151,9791.4,0.46151725,,,,,,,,
0.4,15000,24,24613.8,17759.9,3514.1,0.51271,6853.9,0.512715388,,,,,,,,
0.4,15000,22,19794.7,15878.1,2579.4,0.65859,3916.6,0.658581423,,,,,,,,
0.4,15000,21,17239.3,12711.1,1269.1,0.85798,4528.2,0.280265889,,,,,,,,
0.45,15000,50,85575.4,37638.9,20681.3,0.43143,47936.5,0.431431164,,,,,,,,
0.45,15000,48,81577,36836.3,18861.3,0.42157,44740.7,0.421569175,,,,,,,,
0.45,15000,46,77451.1,35906.1,17406.1,0.41897,41545,0.418969792,,,,,,,,
0.45,15000,42,69066,33912.6,14632.2,0.41624,35153.4,0.416238543,,,,,,,,
0.45,15000,38,60483.3,31721.4,11995.7,0.41707,28761.9,0.417069109,,,,,,,,
0.45,15000,34,51613.6,29243.3,9494.3,0.42441,22370.3,0.424415408,,,,,,,,
0.45,15000,30,42399.6,26420.8,7064.8,0.44214,15978.8,0.44213583,,,,,,,,
0.45,15000,26,32686.3,23099,4731.7,0.49354,9587.3,0.493538327,,,,,,,,
0.45,15000,24,28066.1,21355,3700.1,0.55134,6711.1,0.551340317,,,,,,,,
0.45,15000,22,23179.4,19344.5,2743.5,0.71541,3834.9,0.71540327,,,,,,,,
0.45,15000,21,20592,15605.5,1257.2,0.94031,4986.5,0.252120726,,,,,,,,
0.5,15000,50,89881.2,42961.8,21066.2,0.44899,46919.4,0.448986986,,,,,,,,
0.5,15000,48,85864.6,42073.1,19243.3,0.43943,43791.5,0.439430026,,,,,,,,
0.5,15000,46,81713.2,41049.7,17794.6,0.43761,40663.5,0.437606207,,,,,,,,
0.5,15000,42,73289.6,38882,14977.2,0.43529,34407.6,0.435287553,,,,,,,,
0.5,15000,38,64646.1,36494.4,12314.4,0.43743,28151.7,0.437430066,,,,,,,,
0.5,15000,34,55725.6,33829.8,9791.2,0.44717,21895.8,0.447172517,,,,,,,,
0.5,15000,30,46399.6,30759.7,7333.7,0.46891,15639.9,0.468909648,,,,,,,,
0.5,15000,26,36567,27183.1,4946.1,0.52709,9383.9,0.527083622,,,,,,,,
0.5,15000,24,31890.4,25321.7,3901,0.59387,6568.7,0.593877023,,,,,,,,
0.5,15000,22,26951.4,23197.8,2917.3,0.77721,3753.6,0.777200554,,,,,,,,
0.5,15000,21,24350.2,18815.9,1251.3,1.03344,5534.3,0.226099055,,,,,,,,
0.55,15000,50,94760.3,48653.8,21533.9,0.46705,46106.5,0.467046946,,,,,,,,
0.55,15000,48,90720.3,47687.5,19707.2,0.45796,43032.8,0.457957651,,,,,,,,
0.55,15000,46,86518,46559,18232.5,0.45628,39959,0.456280187,,,,,,,,
0.55,15000,42,78011.3,44199.9,15399.6,0.45545,33811.4,0.455455852,,,,,,,,
0.55,15000,38,69285,41621,12701.6,0.45914,27664,0.45913823,,,,,,,,
0.55,15000,34,60274.4,38758,10136.6,0.47111,21516.4,0.471110409,,,,,,,,
0.55,15000,30,50860.1,35491.2,7625.1,0.49614,15368.9,0.496138305,,,,,,,,
0.55,15000,26,40900.2,31678.8,5178.9,0.56162,9221.4,0.561617542,,,,,,,,
0.55,15000,24,36153.2,29698.2,4128.8,0.63963,6455,0.639628195,,,,,,,,
0.55,15000,22,31155,27466.5,3097.9,0.83988,3688.5,0.83988071,,,,,,,,
0.55,15000,21,28530.4,22214.7,1241,1.12971,6315.7,0.19649445,,,,,,,,
0.6,15000,50,100239.5,54765.2,22060,0.48511,45474.3,0.485109172,,,,,,,,
0.6,15000,48,96134.2,53691.5,20259.9,0.47735,42442.7,0.477347106,,,,,,,,
0.6,15000,46,91883.9,52472.8,18764.7,0.47613,39411.1,0.476127284,,,,,,,,
0.6,15000,42,83241.6,49893.8,15886.5,0.47639,33347.8,0.476388248,,,,,,,,
0.6,15000,38,74413.6,47129,13140.6,0.48161,27284.6,0.481612338,,,,,,,,
0.6,15000,34,65286.6,44065.3,10516.6,0.49557,21221.3,0.495568132,,,,,,,,
0.6,15000,30,55798.9,40640.8,7940.1,0.52382,15158.1,0.523818948,,,,,,,,
0.6,15000,26,45694.5,36599.7,5448.6,0.59908,9094.8,0.59908959,,,,,,,,
0.6,15000,24,40875.4,34509,4370.6,0.68651,6366.4,0.68651043,,,,,,,,
0.6,15000,22,35808.9,32170.9,3307.2,0.90909,3638,0.909070918,,,,,,,,
0.6,15000,21,33159.8,26421.9,1202.1,1.22529,6737.9,0.178408703,,,,,,,,
0.65,15000,50,105980.8,61239.8,22543.9,0.50388,44741,0.50387564,,,,,,,,
0.65,15000,48,101798,60039.7,20786.2,0.49778,41758.3,0.497774095,,,,,,,,
0.65,15000,46,97483.9,58708.4,19269.7,0.49695,38775.5,0.496955552,,,,,,,,
0.65,15000,42,88749.4,55939.3,16341.5,0.49806,32810.1,0.498063096,,,,,,,,
0.65,15000,38,79803.5,52958.9,13560,0.50513,26844.6,0.505129523,,,,,,,,
0.65,15000,34,70593.1,49714,10879.7,0.52108,20879.1,0.52108089,,,,,,,,
0.65,15000,30,61025.9,46112.2,8253.6,0.55343,14913.7,0.553424033,,,,,,,,
0.65,15000,26,50875,41926.8,5725.3,0.63983,8948.2,0.639827004,,,,,,,,
0.65,15000,24,46005.8,39742.1,4619.2,0.73745,6263.7,0.737455498,,,,,,,,
0.65,15000,22,40889.2,37309.9,3538,0.98847,3579.3,0.988461431,,,,,,,,
0.65,15000,21,38224.7,31155.7,1154.8,1.33591,7069,0.163361154,,,,,,,,
0.7,15000,50,112271.6,68186.2,23051,0.52287,44085.4,0.522871518,,,,,,,,
0.7,15000,48,108002.9,66856.5,21350.1,0.51888,41146.4,0.51888136,,,,,,,,
0.7,15000,46,103614.7,65407.4,19817.3,0.51868,38207.3,0.518678368,,,,,,,,
0.7,15000,42,94735,62405.7,16827.6,0.52051,32329.3,0.520506166,,,,,,,,
0.7,15000,38,85656.6,59205.4,14002.1,0.52935,26451.2,0.529355946,,,,,,,,
0.7,15000,34,76340.2,55767,11258.7,0.54725,20573.2,0.547250792,,,,,,,,
0.7,15000,30,66700,52004.8,8587.3,0.58436,14695.2,0.58436088,,,,,,,,
0.7,15000,26,56503.6,47686.5,6019.9,0.68275,8817.1,0.682752833,,,,,,,,
0.7,15000,24,51610.6,45438.7,4884.4,0.79138,6171.9,0.79139325,,,,,,,,
0.7,15000,22,46444.1,42917.3,3789.8,1.07455,3526.8,1.07457185,,,,,,,,
0.7,15000,21,43760.7,36442.2,1128.7,1.45782,7318.5,0.154225593,,,,,,,,
0.4,20000,50,71806.5,27400,19163.9,0.43156,44406.5,0.431556191,,,,,,,,
0.4,20000,48,68297.5,26851.5,17215.9,0.41538,41446,0.41538146,,,,,,,,
0.4,20000,46,64716.3,26230.7,15483.3,0.40231,38485.6,0.402314112,,,,,,,,
0.4,20000,42,57293.4,24728.6,12793.8,0.39287,32564.8,0.392872058,,,,,,,,
0.4,20000,38,49668,23024.1,10413.4,0.39084,26643.9,0.390836176,,,,,,,,
0.4,20000,34,41809.1,21086.1,8170.6,0.39428,20723,0.39427689,,,,,,,,
0.4,20000,30,33675.9,18873.8,5998.3,0.40523,14802.1,0.405233041,,,,,,,,
0.4,20000,26,25124.9,16243.6,3948.1,0.44454,8881.3,0.444540777,,,,,,,,
0.4,20000,24,21054.2,14837.3,3047.3,0.49016,6216.9,0.490163908,,,,,,,,
0.4,20000,22,16737.3,13184.8,2215.8,0.62372,3552.5,0.623729768,,,,,,,,
0.4,20000,21,14444.5,10392.5,1064.5,0.80692,4052,0.262709773,,,,,,,,
0.45,20000,50,75510.3,31683,19690.4,0.44927,43827.3,0.449272485,,,,,,,,
0.45,20000,48,71985.5,31080,17684.5,0.43232,40905.5,0.432325726,,,,,,,,
0.45,20000,46,68375.4,30391.7,15924.3,0.41924,37983.7,0.419240358,,,,,,,,
0.45,20000,42,60859.7,28719.6,13208.7,0.41097,32140.1,0.410972586,,,,,,,,
0.45,20000,38,53129.6,26833.2,10763.8,0.40933,26296.4,0.409325991,,,,,,,,
0.45,20000,34,45169.1,24716.3,8440.6,0.41269,20452.8,0.412686771,,,,,,,,
0.45,20000,30,36859.8,22250.7,6265.5,0.42888,14609.1,0.428876522,,,,,,,,
0.45,20000,26,28117.6,19352.2,4149,0.47334,8765.4,0.473338353,,,,,,,,
0.45,20000,24,23956.9,17821,3221.1,0.52496,6135.9,0.524959664,,,,,,,,
0.45,20000,22,19555,16048.8,2353.9,0.67134,3506.2,0.671353602,,,,,,,,
0.45,20000,21,17213.2,12690,1067.8,0.87773,4523.2,0.236071808,,,,,,,,
0.5,20000,50,79675.2,36252.5,20294.1,0.46736,43422.7,0.467361541,,,,,,,,
0.5,20000,48,76121,35593.1,18275.6,0.45094,40527.9,0.450938736,,,,,,,,
0.5,20000,46,72465.3,34832.3,16475.9,0.4378,37633,0.437804586,,,,,,,,
0.5,20000,42,64835.6,32992.3,13682.5,0.42968,31843.3,0.429682225,,,,,,,,
0.5,20000,38,56983.9,30930.3,11156.8,0.42822,26053.6,0.42822489,,,,,,,,
0.5,20000,34,48880,28616.1,8796.9,0.43412,20263.9,0.434116828,,,,,,,,
0.5,20000,30,40407.1,25932.9,6559.2,0.45316,14474.2,0.453164942,,,,,,,,
0.5,20000,26,31457.6,22773.1,4362.8,0.50237,8684.5,0.502366285,,,,,,,,
0.5,20000,24,27206.9,21127.7,3407.4,0.56051,6079.2,0.560501382,,,,,,,,
0.5,20000,22,22704.9,19231.1,2510.1,0.72259,3473.8,0.722580459,,,,,,,,
0.5,20000,21,20326.6,15452.5,1074.1,0.95071,4874.1,0.220368889,,,,,,,,
0.55,20000,50,84276.9,41134.9,20973.3,0.48615,43142,0.486145751,,,,,,,,
0.55,20000,48,80677.9,40412.1,18911.5,0.46967,40265.8,0.469666566,,,,,,,,
0.55,20000,46,76979.3,39589.7,17071.2,0.45658,37389.6,0.45657616,,,,,,,,
0.55,20000,42,69208.3,37570.8,14174.9,0.44804,31637.5,0.44804109,,,,,,,,
0.55,20000,38,61202,35316.8,11612.4,0.44861,25885.2,0.448611562,,,,,,,,
0.55,20000,34,52936.4,32803.6,9185.8,0.45626,20132.8,0.456260431,,,,,,,,
0.55,20000,30,44318,29937.4,6869.9,0.47772,14380.6,0.477719984,,,,,,,,
0.55,20000,26,35157.8,26529.4,4604.4,0.53363,8628.4,0.533633119,,,,,,,,
0.55,20000,24,30802.7,24762.8,3625.5,0.60026,6039.9,0.600258282,,,,,,,,
0.55,20000,22,26202.1,22750.7,2678.5,0.77608,3451.4,0.776061888,,,,,,,,
0.55,20000,21,23777.3,18317.6,1061.7,1.02895,5459.7,0.194461234,,,,,,,,
0.6,20000,50,89415.3,46397,21731.1,0.50516,43018.3,0.505159432,,,,,,,,
0.6,20000,48,85761.7,45611.3,19615.3,0.48855,40150.4,0.488545569,,,,,,,,
0.6,20000,46,81996.1,44713.7,17712.5,0.47509,37282.4,0.475090123,,,,,,,,
0.6,20000,42,74052.7,42506,14744.6,0.46739,31546.7,0.467389616,,,,,,,,
0.6,20000,38,65842.5,40031.5,12110.5,0.4692,25811,0.469199179,,,,,,,,
0.6,20000,34,57395.2,37320,9610.9,0.47875,20075.2,0.478744919,,,,,,,,
0.6,20000,30,48598.5,34259.1,7207,0.5026,14339.4,0.502601225,,,,,,,,
0.6,20000,26,39248.1,30644.4,4866.1,0.56558,8603.7,0.565582249,,,,,,,,
0.6,20000,24,34773.5,28750.9,3869.4,0.64248,6022.6,0.642479992,,,,,,,,
0.6,20000,22,30064.9,26623.4,2870.6,0.83411,3441.5,0.834113032,,,,,,,,
0.6,20000,21,27591.9,21633.8,1041,1.10956,5958.1,0.174720129,,,,,,,,
0.65,20000,50,94908.2,52022.1,22435.1,0.52313,42886.1,0.523132204,,,,,,,,
0.65,20000,48,91198.5,51171.5,20320.9,0.50768,40027,0.507679816,,,,,,,,
0.65,20000,46,87357.3,50189.4,18383.8,0.49462,37167.9,0.494614977,,,,,,,,
0.65,20000,42,79212.6,47762.8,15320.5,0.48714,31449.8,0.487141413,,,,,,,,
0.65,20000,38,70803.2,45071.6,12605.9,0.4899,25731.6,0.489899579,,,,,,,,
0.65,20000,34,62158.7,42145.2,10041.2,0.50172,20013.5,0.501721338,,,,,,,,
0.65,20000,30,53175.2,38879.8,7549.5,0.52811,14295.4,0.528106943,,,,,,,,
0.65,20000,26,43685,35107.8,5145.5,0.59991,8577.2,0.599904398,,,,,,,,
0.65,20000,24,39107.8,33103.7,4108.3,0.68426,6004.1,0.684249096,,,,,,,,
0.65,20000,22,34285.2,30854.3,3092.2,0.90129,3430.9,0.901279548,,,,,,,,
0.65,20000,21,31765.6,25662.2,1018.6,1.19822,6103.4,0.166890586,,,,,,,,
0.7,20000,50,100548.7,57955.8,23022.5,0.54052,42592.9,0.54052436,,,,,,,,
0.7,20000,48,96783.4,57029.9,20916.6,0.52616,39753.5,0.526157445,,,,,,,,
0.7,20000,46,92899.1,55985.3,18972.7,0.51397,36913.8,0.513973094,,,,,,,,
0.7,20000,42,84585.4,53350.6,15856,0.50764,31234.8,0.507638916,,,,,,,,
0.7,20000,38,75981.8,50426,13060.3,0.51105,25555.8,0.511050329,,,,,,,,
0.7,20000,34,67133.1,47256.4,10439.7,0.52522,19876.7,0.525223,,,,,,,,
0.7,20000,30,58006.2,43808.6,7880.6,0.55506,14197.6,0.555065645,,,,,,,,
0.7,20000,26,48379.4,39860.8,5421.8,0.63647,8518.6,0.636466086,,,,,,,,
0.7,20000,24,43776,37813,4343.6,0.72843,5963,0.728425289,,,,,,,,
0.7,20000,22,38868,35460.6,3304,0.96964,3407.4,0.969654282,,,,,,,,
0.7,20000,21,36306.5,29678.5,1019.8,1.29923,6628,0.153862402,,,,,,,,
0.75,20000,50,106695.7,64337.3,23640.9,0.55811,42358.4,0.558115982,,,,,,,,
0.75,20000,48,102856.1,63321.6,21549.9,0.54509,39534.5,0.545090996,,,,,,,,
0.75,20000,46,98893.2,62182.5,19595.9,0.53379,36710.7,0.5337926,,,,,,,,
0.75,20000,42,90446.1,59383.3,16437.7,0.52917,31062.8,0.529176378,,,,,,,,
0.75,20000,38,81635.6,56220.6,13566.5,0.5338,25415,0.533798938,,,,,,,,
0.75,20000,34,72585.9,52818.6,10878.9,0.55035,19767.3,0.550348302,,,,,,,,
0.75,20000,30,63260.7,49141.2,8258,0.58487,14119.5,0.584864903,,,,,,,,
0.75,20000,26,53465.8,44994.1,5724.7,0.67574,8471.7,0.675743947,,,,,,,,
0.75,20000,24,48809.4,42879.2,4603,0.77619,5930.2,0.776196418,,,,,,,,
0.75,20000,22,43894.5,40505.8,3538.2,1.04412,3388.7,1.044117213,,,,,,,,
0.75,20000,21,41292.7,33914.4,1023.4,1.4094,7378.3,0.138704038,,,,,,,,
0.8,20000,50,113356.5,71215.1,24232.5,0.57503,42141.4,0.575028357,,,,,,,,
0.8,20000,48,109429.1,70097.1,22164.5,0.56352,39332,0.56352334,,,,,,,,
0.8,20000,46,105396.5,68873.9,20242.7,0.55425,36522.6,0.55425134,,,,,,,,
0.8,20000,42,96734.9,65831.1,17064.6,0.55219,30903.8,0.552184521,,,,,,,,
0.8,20000,38,87793.6,62508.7,14112,0.55812,25284.9,0.558119668,,,,,,,,
0.8,20000,34,78482.1,58816.1,11351.7,0.57722,19666,0.577224652,,,,,,,,
0.8,20000,30,68933.1,54886,8642.9,0.61528,14047.1,0.615280022,,,,,,,,
0.8,20000,26,58942.7,50514.4,6044.9,0.71721,8428.3,0.717214622,,,,,,,,
0.8,20000,24,54216.9,48317.1,4882.9,0.82764,5899.8,0.827638225,,,,,,,,
0.8,20000,22,49243,45871.6,3786.5,1.12315,3371.4,1.123123925,,,,,,,,
0.8,20000,21,46652.6,38911.2,1022.4,1.5297,7741.4,0.132069135,,,,,,,,
0.85,20000,50,120474.2,78610.6,24818,0.59283,41863.6,0.592830048,,,,,,,,
0.85,20000,48,116489.3,77416.7,22793.4,0.58336,39072.6,0.583360206,,,,,,,,
0.85,20000,46,112344.2,76062.5,20895.6,0.57593,36281.7,0.575926707,,,,,,,,
0.85,20000,42,103466.9,72766.9,17714.6,0.57702,30700,0.577022801,,,,,,,,
0.85,20000,38,94320.3,69202.2,14692.3,0.58493,25118.1,0.584928796,,,,,,,,
0.85,20000,34,84861.7,65325.3,11850.2,0.60657,19536.4,0.6065703,,,,,,,,
0.85,20000,30,75062.9,61108.4,9054.9,0.64889,13954.5,0.648887456,,,,,,,,
0.85,20000,26,64835.3,56462.6,6392.1,0.76344,8372.7,0.763445484,,,,,,,,
0.85,20000,24,60047,54186.1,5200.2,0.88727,5860.9,0.887269873,,,,,,,,
0.85,20000,22,55015.7,51666.6,4068,1.21466,3349.1,1.214654683,,,,,,,,
0.85,20000,21,52401,43892.1,964.4,1.66584,8508.9,0.11334015,,,,,,,,
0.45,25000,50,60889.2,25562.7,15592.1,0.44137,35326.5,0.441371209,,,,,,,,
0.45,25000,48,58050.8,25079.4,13996.5,0.4245,32971.4,0.424504267,,,,,,,,
0.45,25000,46,55140,24523.7,12612.1,0.41194,30616.3,0.411940698,,,,,,,,
0.45,25000,42,49079.2,23173.1,10476.6,0.40441,25906.1,0.404406684,,,,,,,,
0.45,25000,38,42848.3,21652.5,8543.3,0.40306,21195.8,0.403065702,,,,,,,,
0.45,25000,34,36440.9,19955.2,6686.5,0.40559,16485.7,0.405593939,,,,,,,,
0.45,25000,30,29745,17969.5,4982.8,0.42315,11775.5,0.42314976,,,,,,,,
0.45,25000,26,22692.4,15627.1,3324,0.47046,7065.3,0.470468345,,,,,,,,
0.45,25000,24,19336,14390.3,2589.4,0.52357,4945.7,0.523565926,,,,,,,,
0.45,25000,22,15787.1,12961,1903.6,0.67356,2826.1,0.67357843,,,,,,,,
0.45,25000,21,13898.6,10284.2,893.5,0.88439,3614.4,0.247205622,,,,,,,,
0.5,25000,50,64307,29264.6,16086.5,0.45906,35042.4,0.45905817,,,,,,,,
0.5,25000,48,61442.5,28736.2,14476.3,0.44262,32706.3,0.442615031,,,,,,,,
0.5,25000,46,58493.5,28123.4,13050.5,0.42972,30370.1,0.429715411,,,,,,,,
0.5,25000,42,52330.9,26633.1,10860.9,0.42264,25697.8,0.422639292,,,,,,,,
0.5,25000,38,45994.5,24969,8863.9,0.42158,21025.5,0.421578559,,,,,,,,
0.5,25000,34,39462.6,23109.5,6975.5,0.42656,16353.1,0.42655521,,,,,,,,
0.5,25000,30,32629.4,20948.6,5218.5,0.44676,11680.8,0.446758784,,,,,,,,
0.5,25000,26,25406.1,18397.6,3496,0.49883,7008.5,0.498822858,,,,,,,,
0.5,25000,24,21973.2,17067.2,2738.6,0.55821,4906,0.558214431,,,,,,,,
0.5,25000,22,18336.8,15533.4,2029,0.72375,2803.4,0.723764001,,,,,,,,
0.5,25000,21,16417.5,12492.9,882.5,0.9552,3924.6,0.22486368,,,,,,,,
0.55,25000,50,68093.3,33226.3,16641.8,0.47729,34867,0.477293716,,,,,,,,
0.55,25000,48,65189.4,32646.9,14993.7,0.46074,32542.5,0.460742106,,,,,,,,
0.55,25000,46,62203.6,31985.5,13528.3,0.44769,30218.1,0.447688637,,,,,,,,
0.55,25000,42,55913.5,30344.4,11264.3,0.44054,25569.1,0.440543468,,,,,,,,
0.55,25000,38,49443.4,28523.2,9237,0.44153,20920.2,0.441534976,,,,,,,,
0.55,25000,34,42767,26495.8,7308.9,0.44919,16271.2,0.449192438,,,,,,,,
0.55,25000,30,35811.5,24189.2,5469,0.47056,11622.3,0.470560904,,,,,,,,
0.55,25000,26,28415.2,21441.8,3682.6,0.5281,6973.4,0.528092466,,,,,,,,
0.55,25000,24,24894.7,20013.3,2910,0.59615,4881.4,0.596140452,,,,,,,,
0.55,25000,22,21171.6,18382.2,2162.8,0.77538,2789.4,0.775363878,,,,,,,,
0.55,25000,21,19210.6,14827.8,882.1,1.03134,4382.8,0.201264032,,,,,,,,
0.6,25000,50,72328.3,37503,17261.5,0.49566,34825.3,0.495659765,,,,,,,,
0.6,25000,48,69378.4,36874.7,15562.9,0.4788,32503.7,0.478803952,,,,,,,,
0.6,25000,46,66332.3,36150.3,14049.5,0.46549,30182,0.465492678,,,,,,,,
0.6,25000,42,59889.5,34350.9,11727.2,0.4592,25538.6,0.459195101,,,,,,,,
0.6,25000,38,53241.2,32346,9647.4,0.4617,20895.2,0.461704123,,,,,,,,
0.6,25000,34,46408,30156.1,7658.4,0.47123,16251.9,0.471231056,,,,,,,,
0.6,25000,30,39294.4,27685.9,5743,0.49473,11608.5,0.494723694,,,,,,,,
0.6,25000,26,31736.8,24771.7,3892.5,0.55885,6965.1,0.558857734,,,,,,,,
0.6,25000,24,28120.6,23245.1,3101.2,0.63607,4875.5,0.636078351,,,,,,,,
0.6,25000,22,24306,21520,2313.2,0.83029,2786,0.830294329,,,,,,,,
0.6,25000,21,22300.8,17507.6,881.9,1.10899,4793.2,0.183989819,,,,,,,,
0.65,25000,50,77084.9,42129.4,17971.5,0.51413,34955.5,0.514125102,,,,,,,,
0.65,25000,48,74080.7,41455.6,16249.2,0.49806,32625.1,0.498058243,,,,,,,,
0.65,25000,46,70953.3,40658.6,14698.9,0.4852,30294.7,0.485197081,,,,,,,,
0.65,25000,42,64316.8,38682.7,12255.8,0.47811,25634.1,0.478105336,,,,,,,,
0.65,25000,38,57464.7,36491.4,10096.1,0.48138,20973.3,0.481378705,,,,,,,,
0.65,25000,34,50426,34113.5,8047.7,0.49335,16312.5,0.493345594,,,,,,,,
0.65,25000,30,43112.7,31460.9,6061.9,0.52025,11651.8,0.520254381,,,,,,,,
0.65,25000,26,35397.2,28406.1,4134.2,0.59135,6991.1,0.591351862,,,,,,,,
0.65,25000,24,31676.7,26782.9,3307.7,0.6759,4893.8,0.675896032,,,,,,,,
0.65,25000,22,27757.8,24961.3,2486.9,0.88933,2796.5,0.889290184,,,,,,,,
0.65,25000,21,25701.9,20589.5,886.1,1.19043,5112.4,0.173323684,,,,,,,,
0.7,25000,50,82303.3,47097.6,18778,0.53338,35205.7,0.533379538,,,,,,,,
0.7,25000,48,79231.7,46373,17012.3,0.51774,32858.7,0.517741116,,,,,,,,
0.7,25000,46,76037.2,45525.6,15418.4,0.50533,30511.6,0.505329121,,,,,,,,
0.7,25000,42,69213.5,43395.9,12841.1,0.49738,25817.6,0.497377758,,,,,,,,
0.7,25000,38,62104.9,40981.4,10587.2,0.50121,21123.5,0.501204819,,,,,,,,
0.7,25000,34,54809.9,38380.6,8461.9,0.51505,16429.3,0.515049333,,,,,,,,
0.7,25000,30,47282.2,35547,6396.5,0.54507,11735.2,0.545069534,,,,,,,,
0.7,25000,26,39349.1,32308,4404.8,0.62557,7041.1,0.625584071,,,,,,,,
0.7,25000,24,35566.8,30638,3526.9,0.71558,4928.8,0.715569713,,,,,,,,
0.7,25000,22,31531.1,28714.6,2677.9,0.95082,2816.5,0.950789988,,,,,,,,
0.7,25000,21,29421.1,24044.2,866,1.27355,5376.9,0.161059346,,,,,,,,
0.75,25000,50,88060,52481.7,19676.9,0.55306,35578.3,0.553059028,,,,,,,,
0.75,25000,48,84907.6,51701.1,17857.4,0.53777,33206.5,0.537768208,,,,,,,,
0.75,25000,46,81620.1,50785.5,16208.5,0.52566,30834.6,0.525659486,,,,,,,,
0.75,25000,42,74606.9,48516.1,13503.3,0.51755,26090.8,0.517550248,,,,,,,,
0.75,25000,38,67235.5,45888.5,11145.5,0.52211,21347,0.522110835,,,,,,,,
0.75,25000,34,59658,43054.8,8925.7,0.53759,16603.2,0.537589139,,,,,,,,
0.75,25000,30,51847.7,39988.3,6785.1,0.57213,11859.4,0.572128438,,,,,,,,
0.75,25000,26,43660.7,36545,4702.3,0.66084,7115.7,0.660834493,,,,,,,,
0.75,25000,24,39765.2,34784.2,3784.8,0.75986,4981,0.75984742,,,,,,,,
0.75,25000,22,35670.6,32824.4,2893.4,1.01656,2846.2,1.016583515,,,,,,,,
0.75,25000,21,33496,27330.7,878.9,1.37172,6165.3,0.142555918,,,,,,,,
0.8,25000,50,94419.8,58320.2,20697.2,0.57334,36099.6,0.573335993,,,,,,,,
0.8,25000,48,91178.4,57485.5,18812.8,0.55836,33692.9,0.55836096,,,,,,,,
0.8,25000,46,87791.3,56505,17105.7,0.54675,31286.3,0.546747298,,,,,,,,
0.8,25000,42,80546.5,54073.5,14264.2,0.53882,26473,0.538820685,,,,,,,,
0.8,25000,38,72923,51263.3,11783,0.544,21659.7,0.544005688,,,,,,,,
0.8,25000,34,65006.4,48160,9451.2,0.56102,16846.4,0.561021939,,,,,,,,
0.8,25000,30,56863.5,44830.3,7194.6,0.5979,12033.2,0.597895822,,,,,,,,
0.8,25000,26,48345.7,41125.8,5022.5,0.69564,7219.9,0.695646754,,,,,,,,
0.8,25000,24,44324.2,39270.3,4049.1,0.80118,5053.9,0.801183245,,,,,,,,
0.8,25000,22,40088,37200.1,3134.3,1.0853,2887.9,1.085321514,,,,,,,,
0.8,25000,21,37879.6,31481.7,862.9,1.47382,6397.9,0.13487238,,,,,,,,
0.85,25000,50,100709,64492.5,21447.2,0.5922,36216.5,0.592194166,,,,,,,,
0.85,25000,48,97371.3,63569.3,19542.5,0.57815,33802,0.578146264,,,,,,,,
0.85,25000,46,93921.1,62533.5,17832.7,0.56815,31387.6,0.568144745,,,,,,,,
0.85,25000,42,86475.5,59916.8,14913,0.56151,26558.7,0.561510917,,,,,,,,
0.85,25000,38,78614.3,56884.4,12342.1,0.56798,21729.9,0.567977763,,,,,,,,
0.85,25000,34,70502.3,53601.3,9921.4,0.58703,16901,0.587030353,,,,,,,,
0.85,25000,30,62053,49980.8,7572.8,0.62729,12072.2,0.627292457,,,,,,,,
0.85,25000,26,53254.3,46011,5326.8,0.73542,7243.3,0.735410655,,,,,,,,
0.85,25000,24,49135.2,44064.9,4324.7,0.85294,5070.3,0.852947557,,,,,,,,
0.85,25000,22,44812.6,41915.2,3365.2,1.16147,2897.4,1.161455098,,,,,,,,
0.85,25000,21,42559.2,35281.3,832.1,1.58955,7277.9,0.114332431,,,,,,,,
0.55,30000,50,54368.2,26557.2,13034.7,0.46869,27811,0.468688648,,,,,,,,
0.55,30000,48,52053.2,26096.3,11746.8,0.45255,25956.9,0.452550189,,,,,,,,
0.55,30000,46,49673.7,25570.8,10595.6,0.4396,24102.9,0.439598555,,,,,,,,
0.55,30000,42,44651.4,24256.6,8841.2,0.43351,20394.8,0.433502658,,,,,,,,
0.55,30000,38,39501,22814.4,7237.9,0.43375,16686.6,0.433755229,,,,,,,,
0.55,30000,34,34174.7,21196.3,5744.8,0.44264,12978.4,0.442643161,,,,,,,,
0.55,30000,30,28624,19353.7,4322,0.46621,9270.3,0.466220079,,,,,,,,
0.55,30000,26,22716.9,17154.7,2926.4,0.52612,5562.2,0.526122757,,,,,,,,
0.55,30000,24,19906.3,16012.7,2321.3,0.5962,3893.6,0.596183481,,,,,,,,
0.55,30000,22,16935.1,14710.2,1736.5,0.78049,2224.9,0.780484516,,,,,,,,
0.55,30000,21,15369.9,11925.3,747.2,1.04287,3444.6,0.216919236,,,,,,,,
0.6,30000,50,57804.2,29992.1,13528.9,0.48644,27812.1,0.486439356,,,,,,,,
0.6,30000,48,55450,29492,12199.4,0.46997,25958,0.46996687,,,,,,,,
0.6,30000,46,53016.8,28912.9,11015.8,0.45702,24103.9,0.45701318,,,,,,,,
0.6,30000,42,47866.7,27471.1,9212.3,0.45168,20395.6,0.451680755,,,,,,,,
0.6,30000,38,42565.5,25878.2,7568.2,0.45353,16687.3,0.453530529,,,,,,,,
0.6,30000,34,37111.3,24132.3,6021.1,0.46391,12979,0.463910933,,,,,,,,
0.6,30000,30,31426.3,22155.5,4542,0.48993,9270.8,0.489925357,,,,,,,,
0.6,30000,26,25391,19828.5,3090.2,0.55554,5562.5,0.555541573,,,,,,,,
0.6,30000,24,22498.9,18605.2,2471.7,0.63479,3893.7,0.634794668,,,,,,,,
0.6,30000,22,19450.3,17225.3,1854.4,0.83344,2225,0.833438202,,,,,,,,
0.6,30000,21,17847.9,14023.5,737.6,1.11852,3824.4,0.192866855,,,,,,,,
0.65,30000,50,61670.7,33713.7,14099,0.50431,27957,0.504310191,,,,,,,,
0.65,30000,48,59272.2,33178.9,12741.6,0.48831,26093.3,0.488309259,,,,,,,,
0.65,30000,46,56767,32537.5,11534.9,0.47607,24229.5,0.476068429,,,,,,,,
0.65,30000,42,51454.1,30952.2,9633.7,0.46989,20501.9,0.469893034,,,,,,,,
0.65,30000,38,45971.6,29197.4,7949,0.47388,16774.2,0.47388251,,,,,,,,
0.65,30000,34,40353.9,27307.3,6329.9,0.48517,13046.6,0.485176214,,,,,,,,
0.65,30000,30,34507,25188,4785.1,0.51348,9319,0.513477841,,,,,,,,
0.65,30000,26,28340.6,22749.2,3281.7,0.58691,5591.4,0.586919197,,,,,,,,
0.65,30000,24,25360.2,21446.2,2635.1,0.67325,3914,0.673249872,,,,,,,,
0.65,30000,22,22221.3,19984.7,1990.4,0.88994,2236.6,0.889922203,,,,,,,,
0.65,30000,21,20576,16464.7,741.5,1.19734,4111.3,0.180356578,,,,,,,,
0.7,30000,50,65931.3,37718.2,14756.2,0.52302,28213.1,0.523026537,,,,,,,,
0.7,30000,48,63476.8,37144.5,13356.6,0.50723,26332.3,0.507232562,,,,,,,,
0.7,30000,46,60913.1,36461.7,12111.1,0.49531,24451.4,0.495313152,,,,,,,,
0.7,30000,42,55437.6,34747.9,10105.9,0.48845,20689.7,0.488450775,,,,,,,,
0.7,30000,38,49738.2,32810.3,8343.7,0.4929,16927.9,0.492896343,,,,,,,,
0.7,30000,34,43893.5,30727.4,6679.4,0.50731,13166.1,0.507318036,,,,,,,,
0.7,30000,30,37871.8,28467.4,5053.5,0.53736,9404.4,0.537354855,,,,,,,,
0.7,30000,26,31522.6,25879.9,3493.6,0.61915,5642.7,0.619136229,,,,,,,,
0.7,30000,24,28493.8,24543.9,2810.7,0.71159,3949.9,0.711587635,,,,,,,,
0.7,30000,22,25255.9,22998.8,2141.1,0.94864,2257.1,0.948606619,,,,,,,,
0.7,30000,21,23561.5,19323.6,768.8,1.2765,4237.9,0.181410604,,,,,,,,
0.75,30000,50,70642.6,42067.3,15486.4,0.54195,28575.3,0.541950566,,,,,,,,
0.75,30000,48,68119.8,41449.5,14040.2,0.52644,26670.3,0.526435773,,,,,,,,
0.75,30000,46,65476.6,40711.3,12746,0.51467,24765.3,0.514671738,,,,,,,,
0.75,30000,42,59834.2,38879,10636.7,0.50759,20955.2,0.507592388,,,,,,,,
0.75,30000,38,53909.9,36764.7,8793.3,0.51287,17145.2,0.512872407,,,,,,,,
0.75,30000,34,47823.9,34488.8,7052.7,0.52888,13335.1,0.528882423,,,,,,,,
0.75,30000,30,41557.5,32032.4,5364.5,0.5632,9525.1,0.563196187,,,,,,,,
0.75,30000,26,34994.4,29279.4,3731.3,0.65289,5715,0.652895888,,,,,,,,
0.75,30000,24,31870.5,27869.9,3009.5,0.75228,4000.6,0.752262161,,,,,,,,
0.75,30000,22,28581,26295,2311.1,1.01097,2286,1.010979878,,,,,,,,
0.75,30000,21,26838.7,22300.1,818,1.36553,4538.6,0.18023179,,,,,,,,
0.8,30000,50,75858.2,46795.3,16308.5,0.56114,29062.9,0.561144965,,,,,,,,
0.8,30000,48,73257.1,46131.7,14812,0.54606,27125.4,0.546056464,,,,,,,,
0.8,30000,46,70529,45341.1,13466.5,0.53464,25187.9,0.534641633,,,,,,,,
0.8,30000,42,64684.4,43371.6,11245.2,0.52762,21312.8,0.527626591,,,,,,,,
0.8,30000,38,58537.6,41099.8,9306.1,0.53367,17437.8,0.533673973,,,,,,,,
0.8,30000,34,52165.8,38603.1,7474.4,0.5511,13562.7,0.551099707,,,,,,,,
0.8,30000,30,45608.3,35920.7,5706.2,0.58902,9687.6,0.589021017,,,,,,,,
0.8,30000,26,38763.4,32950.9,3992.2,0.68681,5812.5,0.686830108,,,,,,,,
0.8,30000,24,35533,31464.2,3225.7,0.79278,4068.8,0.792789029,,,,,,,,
0.8,30000,22,32133.7,29808.7,2493.7,1.07254,2325,1.07255914,,,,,,,,
0.8,30000,21,30355.9,25554.4,857,1.45838,4801.5,0.17848589,,,,,,,,
0.85,30000,50,81548.9,51939.6,17229,0.58188,29609.3,0.581877991,,,,,,,,
0.85,30000,48,78853.4,51218.1,15660.4,0.56668,27635.3,0.56668102,,,,,,,,
0.85,30000,46,76032.3,50370.9,14271.7,0.55615,25661.4,0.55615438,,,,,,,,
0.85,30000,42,69983.1,48269.6,11916.1,0.54879,21713.5,0.548787621,,,,,,,,
0.85,30000,38,63556.5,45790.9,9872,0.55568,17765.6,0.555680641,,,,,,,,
0.85,30000,34,56933.3,43115.6,7936.4,0.57437,13817.7,0.574364764,,,,,,,,
0.85,30000,30,50036.3,40166.5,6068.2,0.61483,9869.8,0.614825022,,,,,,,,
0.85,30000,26,42848.9,36927,4285.4,0.72366,5921.9,0.723652882,,,,,,,,
0.85,30000,24,39497.4,35352.1,3472.5,0.83768,4145.3,0.837695704,,,,,,,,
0.85,30000,22,35980.4,33611.6,2700.6,1.14009,2368.8,1.140070922,,,,,,,,
0.85,30000,21,34144.2,28905.5,877.7,1.55757,5238.7,0.167541566,,,,,,,,
0.6,35000,50,45049,23541,10372,0.48224,21508,0.482239167,,,,,,,,
0.6,35000,48,43236.6,23162.4,9343.1,0.46543,20074.2,0.465428261,,,,,,,,
0.6,35000,46,41352.1,22711.8,8453,0.45348,18640.3,0.453479826,,,,,,,,
0.6,35000,42,37362.8,21590.2,7103.1,0.45034,15772.6,0.450344268,,,,,,,,
0.6,35000,38,33252.5,20347.7,5880.1,0.45565,12904.8,0.45565216,,,,,,,,
0.6,35000,34,29024.7,18987.6,4696.5,0.46792,10037.1,0.467914039,,,,,,,,
0.6,35000,30,24617,17447.7,3565.5,0.49732,7169.3,0.497328888,,,,,,,,
0.6,35000,26,19939.1,15637.5,2452,0.57001,4301.6,0.570020458,,,,,,,,
0.6,35000,24,17696.7,14685.6,1981.5,0.65805,3011.1,0.658065159,,,,,,,,
0.6,35000,22,15338,13617.3,1506.1,0.87531,1720.7,0.875283315,,,,,,,,
0.6,35000,21,14096.8,10916.5,624.7,1.19281,3180.3,0.19642801,,,,,,,,
0.65,35000,50,48123.2,26469.2,10854,0.50125,21654,0.501246883,,,,,,,,
0.65,35000,48,46266.4,26056,9806.4,0.48521,20210.4,0.485215533,,,,,,,,
0.65,35000,46,44332.2,25565.3,8876,0.47296,18766.9,0.472960372,,,,,,,,
0.65,35000,42,40219.1,24339.5,7432.9,0.46808,15879.6,0.468078541,,,,,,,,
0.65,35000,38,35968.5,22976.1,6164.4,0.47447,12992.4,0.474461993,,,,,,,,
0.65,35000,34,31607.3,21502.1,4942.9,0.48914,10105.2,0.489144203,,,,,,,,
0.65,35000,30,27069.4,19851.4,3757.2,0.52053,7218,0.520532003,,,,,,,,
0.65,35000,26,22283.2,17952.4,2603.7,0.60121,4330.8,0.60120532,,,,,,,,
0.65,35000,24,19969.5,16937.9,2111.7,0.69658,3031.6,0.696562871,,,,,,,,
0.65,35000,22,17538.2,15805.9,1614.8,0.93217,1732.3,0.932171102,,,,,,,,
0.65,35000,21,16262.2,12769.1,614.5,1.2731,3493.1,0.175918239,,,,,,,,
0.7,35000,50,51507.4,29630.3,11362.5,0.51938,21877.1,0.519378711,,,,,,,,
0.7,35000,48,49607.2,29188.6,10288,0.50385,20418.6,0.503854329,,,,,,,,
0.7,35000,46,47615.6,28655.4,9345.2,0.49288,18960.2,0.492885096,,,,,,,,
0.7,35000,42,43376.3,27333.1,7798.2,0.48608,16043.2,0.486075097,,,,,,,,
0.7,35000,38,38953.9,25827.6,6470.1,0.49291,13126.3,0.492911178,,,,,,,,
0.7,35000,34,34419.8,24210.5,5212.4,0.51055,10209.3,0.510554103,,,,,,,,
0.7,35000,30,29744.5,22452.1,3968.3,0.54418,7292.4,0.544169272,,,,,,,,
0.7,35000,26,24811,20435.5,2770.2,0.63313,4375.5,0.633116215,,,,,,,,
0.7,35000,24,22457,19394.2,2250.8,0.73488,3062.8,0.734883113,,,,,,,,
0.7,35000,22,19945.7,18195.5,1736,0.9919,1750.2,0.991886642,,,,,,,,
0.7,35000,21,18631.2,14941.2,597.3,1.35338,3690,0.161869919,,,,,,,,
0.75,35000,50,55262.7,33069.5,11934.3,0.53774,22193.2,0.537745796,,,,,,,,
0.75,35000,48,53306.6,32592.9,10824.8,0.52259,20713.7,0.522591328,,,,,,,,
0.75,35000,46,51250.1,32016,9840.5,0.51161,19234.1,0.511617388,,,,,,,,
0.75,35000,42,46862.9,30587.9,8242.6,0.50646,16275,0.506457757,,,,,,,,
0.75,35000,38,42268.6,28952.6,6819.9,0.51216,13316,0.512158306,,,,,,,,
0.75,35000,34,37541,27184.2,5502.5,0.53129,10356.8,0.53129345,,,,,,,,
0.75,35000,30,32676.9,25279.2,4216.4,0.56996,7397.7,0.569960934,,,,,,,,
0.75,35000,26,27571.7,23133.1,2958.8,0.66661,4438.6,0.666606588,,,,,,,,
0.75,35000,24,25140.3,22033.2,2407.3,0.77479,3107.1,0.774773905,,,,,,,,
0.75,35000,22,22584.8,20809.3,1872.1,1.05444,1775.5,1.054407209,,,,,,,,
0.75,35000,21,21232.8,17190.9,584.6,1.4416,4041.9,0.144634949,,,,,,,,
0.8,35000,50,59432.2,36816.7,12581.4,0.55632,22615.5,0.55631757,,,,,,,,
0.8,35000,48,57410.5,36302.7,11432.8,0.54164,21107.8,0.541638636,,,,,,,,
0.8,35000,46,55289,35688.9,10406.1,0.53092,19600.1,0.530920761,,,,,,,,
0.8,35000,42,50732.7,34148,8718.6,0.5257,16584.7,0.525701399,,,,,,,,
0.8,35000,38,45944.2,32375,7243.6,0.53382,13569.2,0.533826607,,,,,,,,
0.8,35000,34,40994.3,30440.4,5830.1,0.55241,10553.9,0.552411905,,,,,,,,
0.8,35000,30,35891.4,28352.9,4494.3,0.59618,7538.5,0.596179611,,,,,,,,
0.8,35000,26,30572.4,26049.3,3166.8,0.70015,4523.1,0.700139285,,,,,,,,
0.8,35000,24,28053.7,24887.6,2579.3,0.81464,3166.1,0.814661571,,,,,,,,
0.8,35000,22,25407.1,23597.8,2017.2,1.11496,1809.3,1.114906317,,,,,,,,
0.8,35000,21,24024.1,19698.3,580.9,1.53199,4325.8,0.134287299,,,,,,,,
0.85,35000,50,64002.4,40902.4,13309.5,0.57617,23100,0.576168831,,,,,,,,
0.85,35000,48,61903.6,40343.5,12104.8,0.56145,21560.1,0.56144452,,,,,,,,
0.85,35000,46,59713.9,39693.9,11044.3,0.55166,20020,0.551663337,,,,,,,,
0.85,35000,42,54981,38041,9248.7,0.54597,16940,0.545968123,,,,,,,,
0.85,35000,38,49957.9,36097.9,7692.2,0.555,13860,0.554992785,,,,,,,,
0.85,35000,34,44790.7,34010.7,6210.6,0.57612,10780,0.576122449,,,,,,,,
0.85,35000,30,39415.1,31715.1,4779.7,0.62074,7700,0.62074026,,,,,,,,
0.85,35000,26,33822.8,29202.8,3415.8,0.73935,4620,0.739350649,,,,,,,,
0.85,35000,24,31212.8,27978.8,2776.9,0.85865,3234,0.858658009,,,,,,,,
0.85,35000,22,28468.2,26620.2,2182.3,1.18091,1848,1.180898268,,,,,,,,
0.85,35000,21,27035.4,22202.9,550.9,1.6286,4832.5,0.113998965,,,,,,,,
0.9,35000,50,69000.2,45359.4,14113.2,0.59699,23640.8,0.596984874,,,,,,,,
0.9,35000,48,66836.3,44771.5,12891.4,0.58425,22064.8,0.58425184,,,,,,,,
0.9,35000,46,64565.1,44076.4,11769.9,0.57446,20488.7,0.574458116,,,,,,,,
0.9,35000,42,59634.9,42298.3,9846.7,0.56797,17336.6,0.567971805,,,,,,,,
0.9,35000,38,54382,40197.6,8204.9,0.57844,14184.4,0.578445334,,,,,,,,
0.9,35000,34,48964.9,37932.6,6647.5,0.60255,11032.3,0.602548879,,,,,,,,
0.9,35000,30,43374.2,35493.9,5144.6,0.65285,7880.3,0.652843166,,,,,,,,
0.9,35000,26,37478.4,32750.3,3700.6,0.78267,4728.1,0.782682261,,,,,,,,
0.9,35000,24,34738.4,31428.7,3057,0.92365,3309.7,0.923648669,,,,,,,,
0.9,35000,22,31887.1,29995.8,2419.5,1.27929,1891.3,1.279278803,,,,,,,,
0.9,35000,21,30416.1,25276.8,549.5,1.77301,5139.3,0.106921176,,,,,,,,
0.6,39000,50,36643.1,19258.6,8473.6,0.48742,17384.5,0.487422704,,,,,,,,
0.6,39000,48,35180.4,18954.9,7637.3,0.4707,16225.5,0.470697359,,,,,,,,
0.6,39000,46,33649.8,18583.3,6935.5,0.46032,15066.5,0.460325889,,,,,,,,
0.6,39000,42,30422.7,17674.1,5844.1,0.45841,12748.6,0.45841112,,,,,,,,
0.6,39000,38,27113.2,16682.5,4809.8,0.46112,10430.7,0.46111958,,,,,,,,
0.6,39000,34,23689.2,15576.4,3849.8,0.47454,8112.8,0.47453407,,,,,,,,
0.6,39000,30,20117.5,14322.7,2937.6,0.50694,5794.8,0.506937254,,,,,,,,
0.6,39000,26,16321.5,12844.6,2046.5,0.58861,3476.9,0.588599039,,,,,,,,
0.6,39000,24,14506.2,12072.3,1662.9,0.68327,2433.9,0.683224455,,,,,,,,
0.6,39000,22,12596.9,11206.1,1281.4,0.92137,1390.8,0.921340236,,,,,,,,
0.6,39000,21,11592.3,9120.2,587.2,1.26488,2472.1,0.237530844,,,,,,,,
0.65,39000,50,39150.8,21653,8871.8,0.50703,17497.8,0.50702374,,,,,,,,
0.65,39000,48,37654.4,21323.1,8007.8,0.49034,16331.3,0.490334511,,,,,,,,
0.65,39000,46,36089,20924.3,7260.7,0.47879,15164.7,0.478789557,,,,,,,,
0.65,39000,42,32758.3,19926.6,6110.2,0.47618,12831.7,0.476180085,,,,,,,,
0.65,39000,38,29320.9,18822.3,5083.3,0.48418,10498.6,0.484188368,,,,,,,,
0.65,39000,34,25809.3,17643.7,4047.8,0.49571,8165.6,0.495713726,,,,,,,,
0.65,39000,30,22131.8,16299.2,3093.1,0.53032,5832.6,0.530312382,,,,,,,,
0.65,39000,26,18248.7,14749.2,2169.2,0.61985,3499.5,0.61985998,,,,,,,,
0.65,39000,24,16376,13926.3,1769.8,0.72246,2449.7,0.722455811,,,,,,,,
0.65,39000,22,14409.1,13009.3,1368.7,0.97774,1399.8,0.97778254,,,,,,,,
0.65,39000,21,13376.3,10653.1,591.5,1.34623,2723.2,0.217207697,,,,,,,,
0.7,39000,50,41957.3,24243.7,9324.5,0.5264,17713.6,0.526403441,,,,,,,,
0.7,39000,48,40420.6,23887.9,8448.5,0.51102,16532.7,0.511017559,,,,,,,,
0.7,39000,46,38822.7,23470.9,7659,0.4989,15351.8,0.498899152,,,,,,,,
0.7,39000,42,35380.7,22390.7,6419.2,0.49416,12990,0.494164742,,,,,,,,
0.7,39000,38,31800.6,21172.4,5341.6,0.50259,10628.2,0.502587456,,,,,,,,
0.7,39000,34,28140.9,19874.5,4287.4,0.51866,8266.4,0.518653828,,,,,,,,
0.7,39000,30,24352.2,18447.7,3270.7,0.55393,5904.5,0.553933441,,,,,,,,
0.7,39000,26,20346.4,16803.7,2307.1,0.65123,3542.7,0.651226466,,,,,,,,
0.7,39000,24,18433.3,15953.4,1886,0.76053,2479.9,0.760514537,,,,,,,,
0.7,39000,22,16398.2,14981.1,1469.1,1.03667,1417.1,1.036694658,,,,,,,,
0.7,39000,21,15332.3,12515.3,604.3,1.42518,2817,0.214518992,,,,,,,,
0.75,39000,50,45042.8,27063.5,9792.7,0.54467,17979.3,0.544665254,,,,,,,,
0.75,39000,48,43460.2,26679.5,8889.1,0.52972,16780.7,0.529721645,,,,,,,,
0.75,39000,46,41800.4,26218.4,8080.3,0.51856,15582,0.518566294,,,,,,,,
0.75,39000,42,38259.9,25075.1,6766.8,0.51322,13184.8,0.513227353,,,,,,,,
0.75,39000,38,34525.8,23738.2,5629.1,0.52181,10787.6,0.521812081,,,,,,,,
0.75,39000,34,30697.1,22306.7,4558.9,0.54335,8390.4,0.543347159,,,,,,,,
0.75,39000,30,26770.7,20777.6,3474.1,0.57969,5993.1,0.579683302,,,,,,,,
0.75,39000,26,22622.3,19026.4,2463.2,0.685,3595.9,0.685002364,,,,,,,,
0.75,39000,24,20650.1,18133,2015.4,0.80069,2517.1,0.800683326,,,,,,,,
0.75,39000,22,18578.3,17139.9,1581.9,1.09979,1438.4,1.099763626,,,,,,,,
0.75,39000,21,17477.4,14384.1,595.8,1.51217,3093.3,0.192609834,,,,,,,,
0.8,39000,50,48468,30137.6,10321.9,0.5631,18330.4,0.563102824,,,,,,,,
0.8,39000,48,46831,29722.6,9387.2,0.54869,17108.4,0.548689533,,,,,,,,
0.8,39000,46,45122.2,29235.9,8547.6,0.53805,15886.3,0.538048507,,,,,,,,
0.8,39000,42,41427.8,27985.5,7175,0.53376,13442.3,0.533762823,,,,,,,,
0.8,39000,38,37561.7,26563.5,5957.3,0.54166,10998.2,0.541661363,,,,,,,,
0.8,39000,34,33535.3,24981.1,4828.9,0.56451,8554.2,0.564506324,,,,,,,,
0.8,39000,30,29397.9,23287.7,3746.6,0.61319,6110.2,0.613171418,,,,,,,,
0.8,39000,26,25095.3,21429.2,2634.7,0.71867,3666.1,0.718665612,,,,,,,,
0.8,39000,24,23052,20485.7,2156.8,0.84046,2566.3,0.84043175,,,,,,,,
0.8,39000,22,20904.6,19438.1,1703.2,1.16145,1466.5,1.161404705,,,,,,,,
0.8,39000,21,19783.5,16509.6,589.2,1.60392,3273.9,0.179968844,,,,,,,,
0.85,39000,50,52227.8,33489.8,10915.5,0.58254,18738,0.582532821,,,,,,,,
0.85,39000,48,50533.2,33044.4,9948.6,0.56886,17488.8,0.568855496,,,,,,,,
0.85,39000,46,48765,32525.4,9072,0.55864,16239.6,0.558634449,,,,,,,,
0.85,39000,42,44927.5,31186.3,7609.7,0.55379,13741.2,0.553787151,,,,,,,,
0.85,39000,38,40851.4,29608.6,6346.3,0.56448,11242.8,0.564476821,,,,,,,,
0.85,39000,34,36670.5,27926.1,5128.1,0.58645,8744.4,0.586443896,,,,,,,,
0.85,39000,30,32299.9,26053.9,3983.4,0.63776,6246,0.637752161,,,,,,,,
0.85,39000,26,27772.6,24025,2852.2,0.76108,3747.6,0.761073754,,,,,,,,
0.85,39000,24,25658.5,23035.2,2318.3,0.88372,2623.3,0.883734228,,,,,,,,
0.85,39000,22,23429.2,21930.1,1840,1.22746,1499.1,1.227403109,,,,,,,,
0.85,39000,21,22267.5,18689.4,575.5,1.69905,3578.1,0.160839552,,,,,,,,
0.9,39000,50,56328.3,37150.4,11581.5,0.6039,19177.9,0.603898237,,,,,,,,
0.9,39000,48,54580.1,36680.7,10588.4,0.59155,17899.4,0.591550555,,,,,,,,
0.9,39000,46,52741,36120.1,9655.3,0.58092,16620.9,0.580913188,,,,,,,,
0.9,39000,42,48742.1,34678.3,8094.4,0.57555,14063.8,0.575548572,,,,,,,,
0.9,39000,38,44481.9,32975.2,6765.7,0.58798,11506.7,0.587979177,,,,,,,,
0.9,39000,34,40088.3,31138.6,5499.9,0.61453,8949.7,0.614534565,,,,,,,,
0.9,39000,30,35556.1,29163.4,4277.5,0.66914,6392.7,0.669122593,,,,,,,,
0.9,39000,26,30770.3,26934.8,3112,0.81136,3835.5,0.811367488,,,,,,,,
0.9,39000,24,28549.7,25864.8,2588.2,0.96399,2684.9,0.963983761,,,,,,,,
0.9,39000,22,26247.6,24713.3,2034.4,1.326,1534.3,1.325946686,,,,,,,,
0.9,39000,21,25054,20933.4,638.2,1.84635,4120.6,0.154880357,,,,,,,,
0.7,43000,50,34327.9,19892.8,7735.1,0.53585,14435.1,0.535853579,,,,,,,,
0.7,43000,48,33079,19606.2,7009.1,0.52024,13472.8,0.520240781,,,,,,,,
0.7,43000,46,31785.8,19275.3,6345.2,0.50719,12510.5,0.50718996,,,,,,,,
0.7,43000,42,28979.7,18393.9,5327.7,0.50329,10585.8,0.503287423,,,,,,,,
0.7,43000,38,26062.8,17401.7,4442.1,0.51289,8661.1,0.512879426,,,,,,,,
0.7,43000,34,23081.7,16345.3,3571.5,0.53018,6736.4,0.530179324,,,,,,,,
0.7,43000,30,19990.7,15178.9,2741.3,0.56972,4811.8,0.569703645,,,,,,,,
0.7,43000,26,16721.6,13834.6,1953.3,0.67658,2887,0.67658469,,,,,,,,
0.7,43000,24,15161.1,13140.2,1607,0.79518,2020.9,0.795190262,,,,,,,,
0.7,43000,22,13502.3,12347.5,1264.6,1.09508,1154.8,1.095081399,,,,,,,,
0.7,43000,21,12633.4,10236.9,540,1.51994,2396.5,0.225328604,,,,,,,,
0.75,43000,50,36866.8,22210.5,8119.1,0.55396,14656.3,0.553966554,,,,,,,,
0.75,43000,48,35579,21899.8,7373.9,0.53906,13679.2,0.539059302,,,,,,,,
0.75,43000,46,34234.8,21532.7,6695.4,0.52711,12702.1,0.527109691,,,,,,,,
0.75,43000,42,31352.9,20604.9,5613.3,0.52227,10748,0.522264607,,,,,,,,
0.75,43000,38,28306.7,19512.9,4679,0.53209,8793.8,0.53207942,,,,,,,,
0.75,43000,34,25187.5,18347.9,3797.7,0.55526,6839.6,0.555251769,,,,,,,,
0.75,43000,30,21983.5,17098.1,2911.6,0.59597,4885.4,0.595979858,,,,,,,,
0.75,43000,26,18598.1,15666.9,2083.2,0.71068,2931.2,0.71069869,,,,,,,,
0.75,43000,24,16989.8,14938,1715.3,0.83596,2051.8,0.835997661,,,,,,,,
0.75,43000,22,15301.1,14128.6,1358.6,1.15874,1172.5,1.158720682,,,,,,,,
0.75,43000,21,14402.3,11736.3,544.9,1.61078,2666,0.204388597,,,,,,,,
0.8,43000,50,39683.6,24737.2,8553.9,0.5723,14946.4,0.572305037,,,,,,,,
0.8,43000,48,38351.9,24401.9,7782.4,0.55788,13950,0.557878136,,,,,,,,
0.8,43000,46,36968.6,24015.1,7082.8,0.54678,12953.5,0.546786583,,,,,,,,
0.8,43000,42,33958,22997.3,5952.4,0.54307,10960.7,0.543067505,,,,,,,,
0.8,43000,38,30807.5,21839.6,4948.9,0.55184,8967.9,0.551846029,,,,,,,,
0.8,43000,34,27524.1,20549.1,4020.9,0.57648,6975,0.576473118,,,,,,,,
0.8,43000,30,24148.3,19166.1,3135,0.62926,4982.2,0.629240095,,,,,,,,
0.8,43000,26,20636.7,17647.5,2225.6,0.74452,2989.2,0.744547036,,,,,,,,
0.8,43000,24,18969.5,16877,1834.4,0.87663,2092.5,0.876654719,,,,,,,,
0.8,43000,22,17219.7,16024,1460.6,1.22154,1195.7,1.221543866,,,,,,,,
0.8,43000,21,16304.4,13545.6,543,1.70099,2758.8,0.196824706,,,,,,,,
0.85,43000,50,42781.2,27493.5,9044.1,0.59159,15287.7,0.591593242,,,,,,,,
0.85,43000,48,41405.4,27136.9,8251.9,0.57832,14268.5,0.578329888,,,,,,,,
0.85,43000,46,39971.9,26722.6,7516.8,0.56733,13249.3,0.567335633,,,,,,,,
0.85,43000,42,36844.1,25633,6312.8,0.56309,11211.1,0.5630848,,,,,,,,
0.85,43000,38,33519.7,24347.1,5272.3,0.57478,9172.6,0.574787955,,,,,,,,
0.85,43000,34,30109.2,22974.9,4269.2,0.59841,7134.3,0.598404889,,,,,,,,
0.85,43000,30,26542,21446.1,3332,0.65386,5095.9,0.653858985,,,,,,,,
0.85,43000,26,22845.1,19787.6,2405.7,0.78682,3057.5,0.786819297,,,,,,,,
0.85,43000,24,21120.1,18979.9,1968.1,0.91953,2140.2,0.919586954,,,,,,,,
0.85,43000,22,19302.5,18079.5,1575.2,1.28797,1223,1.287980376,,,,,,,,
0.85,43000,21,18353.9,15384,532.9,1.79518,2969.9,0.179433651,,,,,,,,
0.9,43000,50,46145.3,30504.1,9594.3,0.6134,15641.2,0.613399228,,,,,,,,
0.9,43000,48,44720.9,30122.4,8768.4,0.60064,14598.5,0.600637052,,,,,,,,
0.9,43000,46,43231.3,29675.5,7990.5,0.58945,13555.8,0.589452485,,,,,,,,
0.9,43000,42,39972,28501.8,6707.5,0.58477,11470.2,0.584776203,,,,,,,,
0.9,43000,38,36500.1,27115.3,5616,0.59842,9384.8,0.598414457,,,,,,,,
0.9,43000,34,32917.6,25618.3,4575.3,0.62682,7299.3,0.62681353,,,,,,,,
0.9,43000,30,29216.3,24002.6,3576.9,0.68605,5213.7,0.686057886,,,,,,,,
0.9,43000,26,25311.6,22183.4,2620.8,0.83777,3128.2,0.837798095,,,,,,,,
0.9,43000,24,23501.6,21311.8,2188.4,0.99937,2189.8,0.999360672,,,,,,,,
0.9,43000,22,21624.9,20373.6,1736.8,1.38802,1251.3,1.387996484,,,,,,,,
0.9,43000,21,20652,17251,564.2,1.94311,3401,0.165892385,,,,,,,,